source_file,source_sheet,source_row,fiscal_year,quarter,project_type,service_group,project_name,target_participants,applicants,actual_participants,passed,revenue,expense,reported_profit,satisfaction,unit
Operational & Service Excellence by CAAS.xlsx,Service_Excellence_by_CAAS,132,2566,1.0,Intensive,บุคคลทั่วไป,โครงการอบรมภาษาอังกฤษเข้มข้น (Intensive English Courses for Undergraduate Students),60.0,49.0,49.0,29.0,60000.0,41442.0,18558.0,4.78,ศูนย์ CAAS
Operational & Service Excellence by CAAS.xlsx,Service_Excellence_by_CAAS,133,2566,1.0,Intensive,บุคคลทั่วไป,โครงการอบรมภาษาอังกฤษเข้มข้น (Intensive English Courses for Undergraduate Students),60.0,42.0,42.0,24.0,60000.0,41638.0,18362.0,4.72,ศูนย์ CAAS
Operational & Service Excellence by CAAS.xlsx,Service_Excellence_by_CAAS,134,2566,1.0,Intensive,บุคคลทั่วไป,โครงการอบรมภาษาอังกฤษเข้มข้น (Intensive English Courses for Undergraduate Students),60.0,53.0,53.0,53.0,60000.0,42721.0,17279.0,4.89,ศูนย์ CAAS
Operational & Service Excellence by CAAS.xlsx,Service_Excellence_by_CAAS,135,2566,1.0,Intensive,บุคคลทั่วไป,โครงการอบรมภาษาอังกฤษเข้มข้น (Intensive English Courses for Undergraduate Students),60.0,53.0,53.0,52.0,60000.0,42721.0,17279.0,4.72,ศูนย์ CAAS
Operational & Service Excellence by CAAS.xlsx,Service_Excellence_by_CAAS,136,2566,1.0,Intensive,บุคคลทั่วไป,โครงการอบรมภาษาอังกฤษเข้มข้น (Intensive English Courses for Undergraduate Students),60.0,52.0,52.0,50.0,60000.0,42676.0,17324.0,4.73,ศูนย์ CAAS
Operational & Service Excellence by CAAS.xlsx,Service_Excellence_by_CAAS,137,2566,1.0,Intensive,บุคคลทั่วไป,โครงการอบรมภาษาอังกฤษเข้มข้น (Intensive English Courses for Undergraduate Students),60.0,43.0,43.0,28.0,60000.0,41745.0,18255.0,4.84,ศูนย์ CAAS
Operational & Service Excellence by CAAS.xlsx,Service_Excellence_by_CAAS,138,2566,1.0,Intensive,บุคคลทั่วไป,โครงการอบรมภาษาอังกฤษเข้มข้น (Intensive English Courses for Undergraduate Students),60.0,53.0,53.0,53.0,60000.0,42350.0,17650.0,4.81,ศูนย์ CAAS
Operational & Service Excellence by CAAS.xlsx,Service_Excellence_by_CAAS,139,2566,1.0,Intensive,บุคคลทั่วไป,โครงการอบรมภาษาอังกฤษเข้มข้น (Intensive English Courses for Undergraduate Students),60.0,53.0,53.0,52.0,60000.0,42350.0,17650.0,4.64,ศูนย์ CAAS
Operational & Service Excellence by CAAS.xlsx,Service_Excellence_by_CAAS,140,2566,1.0,Intensive,บุคคลทั่วไป,โครงการอบรมภาษาอังกฤษเข้มข้น (Intensive English Courses for Undergraduate Students),60.0,46.0,46.0,45.0,60000.0,41494.0,18506.0,4.7,ศูนย์ CAAS
Operational & Service Excellence by CAAS.xlsx,Service_Excellence_by_CAAS,141,2566,1.0,Intensive,บุคคลทั่วไป,โครงการอบรมภาษาอังกฤษเข้มข้น (Intensive English Courses for Undergraduate Students),60.0,43.0,43.0,40.0,60000.0,41584.0,18416.0,4.55,ศูนย์ CAAS
Operational & Service Excellence by CAAS.xlsx,Service_Excellence_by_CAAS,142,2566,1.0,Intensive,บุคคลทั่วไป,โครงการอบรมภาษาอังกฤษเข้มข้น (Intensive English Courses for Undergraduate Students),60.0,51.0,51.0,49.0,60000.0,42215.0,17785.0,4.68,ศูนย์ CAAS
Operational & Service Excellence by CAAS.xlsx,Service_Excellence_by_CAAS,143,2566,2.0,Intensive,บุคคลทั่วไป,โครงการอบรมภาษาอังกฤษเข้มข้น (Intensive English Courses for Undergraduate Students),60.0,47.0,47.0,40.0,60000.0,40673.0,19327.0,4.36,ศูนย์ CAAS
Operational & Service Excellence by CAAS.xlsx,Service_Excellence_by_CAAS,144,2566,2.0,Intensive,บุคคลทั่วไป,โครงการอบรมภาษาอังกฤษเข้มข้น (Intensive English Courses for Undergraduate Students),60.0,47.0,47.0,39.0,60000.0,42522.0,17478.0,4.22,ศูนย์ CAAS
Operational & Service Excellence by CAAS.xlsx,Service_Excellence_by_CAAS,145,2566,2.0,Intensive,บุคคลทั่วไป,โครงการอบรมภาษาอังกฤษเข้มข้น (Intensive English Courses for Undergraduate Students),60.0,56.0,56.0,55.0,60000.0,43352.0,16648.0,4.34,ศูนย์ CAAS
Operational & Service Excellence by CAAS.xlsx,Service_Excellence_by_CAAS,146,2566,2.0,Intensive,บุคคลทั่วไป,โครงการอบรมภาษาอังกฤษเข้มข้น (Intensive English Courses for Undergraduate Students),60.0,58.0,58.0,57.0,60000.0,43646.0,16354.0,4.54,ศูนย์ CAAS
Operational & Service Excellence by CAAS.xlsx,Service_Excellence_by_CAAS,147,2566,2.0,Intensive,บุคคลทั่วไป,โครงการอบรมภาษาอังกฤษเข้มข้น (Intensive English Courses for Undergraduate Students),60.0,49.0,49.0,48.0,60000.0,42524.0,17476.0,4.75,ศูนย์ CAAS
Operational & Service Excellence by CAAS.xlsx,Service_Excellence_by_CAAS,148,2566,2.0,Intensive,บุคคลทั่วไป,โครงการอบรมภาษาอังกฤษเข้มข้น (Intensive English Courses for Undergraduate Students),60.0,45.0,45.0,33.0,60000.0,42518.0,17482.0,4.5,ศูนย์ CAAS
Operational & Service Excellence by CAAS.xlsx,Service_Excellence_by_CAAS,149,2566,2.0,Intensive,บุคคลทั่วไป,โครงการอบรมภาษาอังกฤษเข้มข้น (Intensive English Courses for Undergraduate Students),60.0,47.0,47.0,38.0,60000.0,42512.0,17488.0,4.48,ศูนย์ CAAS
Operational & Service Excellence by CAAS.xlsx,Service_Excellence_by_CAAS,150,2566,2.0,Intensive,บุคคลทั่วไป,โครงการอบรมภาษาอังกฤษเข้มข้น (Intensive English Courses for Undergraduate Students),60.0,57.0,57.0,57.0,60000.0,43165.0,16835.0,4.56,ศูนย์ CAAS
Operational & Service Excellence by CAAS.xlsx,Service_Excellence_by_CAAS,151,2566,2.0,Intensive,บุคคลทั่วไป,โครงการอบรมภาษาอังกฤษเข้มข้น (Intensive English Courses for Undergraduate Students),60.0,59.0,59.0,58.0,60000.0,43655.0,16345.0,4.58,ศูนย์ CAAS
Operational & Service Excellence by CAAS.xlsx,Service_Excellence_by_CAAS,152,2566,2.0,Intensive,บุคคลทั่วไป,โครงการอบรมภาษาอังกฤษเข้มข้น (Intensive English Courses for Undergraduate Students),60.0,49.0,49.0,47.0,60000.0,42524.0,17476.0,4.6,ศูนย์ CAAS
Operational & Service Excellence by CAAS.xlsx,Service_Excellence_by_CAAS,153,2566,2.0,Intensive,บุคคลทั่วไป,โครงการอบรมภาษาอังกฤษเข้มข้น (Intensive English Courses for Undergraduate Students),60.0,46.0,46.0,33.0,60000.0,42552.0,17448.0,4.49,ศูนย์ CAAS
Operational & Service Excellence by CAAS.xlsx,Service_Excellence_by_CAAS,154,2566,2.0,Intensive,บุคคลทั่วไป,โครงการอบรมภาษาอังกฤษเข้มข้น (Intensive English Courses for Undergraduate Students),60.0,44.0,44.0,39.0,60000.0,41985.0,18015.0,4.76,ศูนย์ CAAS
Operational & Service Excellence by CAAS.xlsx,Service_Excellence_by_CAAS,155,2566,2.0,Intensive,บุคคลทั่วไป,โครงการอบรมภาษาอังกฤษเข้มข้น (Intensive English Courses for Undergraduate Students),60.0,19.0,19.0,10.0,60000.0,37470.0,22530.0,4.72,ศูนย์ CAAS
Operational & Service Excellence by CAAS.xlsx,Service_Excellence_by_CAAS,156,2566,2.0,Intensive,บุคคลทั่วไป,โครงการอบรมภาษาอังกฤษเข้มข้น (Intensive English Courses for Undergraduate Students),60.0,35.0,35.0,16.0,60000.0,41960.0,18040.0,4.48,ศูนย์ CAAS
Operational & Service Excellence by CAAS.xlsx,Service_Excellence_by_CAAS,157,2566,2.0,Intensive,บุคคลทั่วไป,โครงการอบรมภาษาอังกฤษเข้มข้น (Intensive English Courses for Undergraduate Students),60.0,53.0,53.0,29.0,60000.0,41450.0,18550.0,4.54,ศูนย์ CAAS
Operational & Service Excellence by CAAS.xlsx,Service_Excellence_by_CAAS,158,2566,3.0,Intensive,บุคคลทั่วไป,โครงการอบรมภาษาอังกฤษเข้มข้น (Intensive English Courses for Undergraduate Students),60.0,47.0,47.0,42.0,60000.0,39340.0,20660.0,4.61,ศูนย์ CAAS
Operational & Service Excellence by CAAS.xlsx,Service_Excellence_by_CAAS,159,2566,3.0,Intensive,บุคคลทั่วไป,โครงการอบรมภาษาอังกฤษเข้มข้น (Intensive English Courses for Undergraduate Students),60.0,44.0,44.0,39.0,60000.0,40880.0,19120.0,4.52,ศูนย์ CAAS
Operational & Service Excellence by CAAS.xlsx,Service_Excellence_by_CAAS,160,2566,3.0,Intensive,บุคคลทั่วไป,โครงการอบรมภาษาอังกฤษเข้มข้น (Intensive English Courses for Undergraduate Students),60.0,60.0,60.0,58.0,60000.0,44000.0,16000.0,4.6,ศูนย์ CAAS
Operational & Service Excellence by CAAS.xlsx,Service_Excellence_by_CAAS,161,2566,3.0,Intensive,บุคคลทั่วไป,โครงการอบรมภาษาอังกฤษเข้มข้น (Intensive English Courses for Undergraduate Students),60.0,63.0,63.0,63.0,60000.0,44000.0,16000.0,4.61,ศูนย์ CAAS
Operational & Service Excellence by CAAS.xlsx,Service_Excellence_by_CAAS,162,2566,3.0,Intensive,บุคคลทั่วไป,โครงการอบรมภาษาอังกฤษเข้มข้น (Intensive English Courses for Undergraduate Students),60.0,49.0,49.0,45.0,60000.0,41500.0,18500.0,4.51,ศูนย์ CAAS
Operational & Service Excellence by CAAS.xlsx,Service_Excellence_by_CAAS,163,2566,3.0,Intensive,บุคคลทั่วไป,โครงการอบรมภาษาอังกฤษเข้มข้น (Intensive English Courses for Undergraduate Students),60.0,55.0,55.0,51.0,60000.0,42000.0,18000.0,4.39,ศูนย์ CAAS
Operational & Service Excellence by CAAS.xlsx,Service_Excellence_by_CAAS,164,2566,3.0,Intensive,บุคคลทั่วไป,โครงการอบรมภาษาอังกฤษเข้มข้น (Intensive English Courses for Undergraduate Students),60.0,59.0,59.0,57.0,60000.0,43700.0,16300.0,4.17,ศูนย์ CAAS
Operational & Service Excellence by CAAS.xlsx,Service_Excellence_by_CAAS,165,2566,3.0,Intensive,บุคคลทั่วไป,โครงการอบรมภาษาอังกฤษเข้มข้น (Intensive English Courses for Undergraduate Students),60.0,62.0,62.0,61.0,60000.0,43700.0,16300.0,4.47,ศูนย์ CAAS
Operational & Service Excellence by CAAS.xlsx,Service_Excellence_by_CAAS,166,2566,3.0,Intensive,บุคคลทั่วไป,โครงการอบรมภาษาอังกฤษเข้มข้น (Intensive English Courses for Undergraduate Students),60.0,39.0,39.0,39.0,60000.0,39023.0,20977.0,0.0,ศูนย์ CAAS
Operational & Service Excellence by CAAS.xlsx,Service_Excellence_by_CAAS,167,2566,3.0,Intensive,บุคคลทั่วไป,โครงการอบรมภาษาอังกฤษเข้มข้น (Intensive English Courses for Undergraduate Students),60.0,39.0,39.0,39.0,60000.0,41083.0,18917.0,0.0,ศูนย์ CAAS
Operational & Service Excellence by CAAS.xlsx,Service_Excellence_by_CAAS,168,2566,3.0,Intensive,บุคคลทั่วไป,โครงการอบรมภาษาอังกฤษเข้มข้น (Intensive English Courses for Undergraduate Students),60.0,39.0,39.0,39.0,60000.0,41212.0,18788.0,0.0,ศูนย์ CAAS
Operational & Service Excellence by CAAS.xlsx,Service_Excellence_by_CAAS,169,2566,3.0,Intensive,บุคคลทั่วไป,โครงการอบรมภาษาอังกฤษเข้มข้น (Intensive English Courses for Undergraduate Students),60.0,44.0,44.0,36.0,60000.0,40220.0,19780.0,4.61,ศูนย์ CAAS
Operational & Service Excellence by CAAS.xlsx,Service_Excellence_by_CAAS,170,2566,3.0,Intensive,บุคคลทั่วไป,โครงการอบรมภาษาอังกฤษเข้มข้น (Intensive English Courses for Undergraduate Students),60.0,49.0,49.0,44.0,60000.0,41250.0,18750.0,4.49,ศูนย์ CAAS
Operational & Service Excellence by CAAS.xlsx,Service_Excellence_by_CAAS,171,2566,3.0,Intensive,บุคคลทั่วไป,โครงการอบรมภาษาอังกฤษเข้มข้น (Intensive English Courses for Undergraduate Students),60.0,55.0,55.0,51.0,60000.0,41740.0,18260.0,4.63,ศูนย์ CAAS
Operational & Service Excellence by CAAS.xlsx,Service_Excellence_by_CAAS,172,2566,3.0,Intensive,บุคคลทั่วไป,โครงการอบรมภาษาอังกฤษเข้มข้น (Intensive English Courses for Undergraduate Students),60.0,61.0,61.0,56.0,60000.0,43763.0,16237.0,4.83,ศูนย์ CAAS
Operational & Service Excellence by CAAS.xlsx,Service_Excellence_by_CAAS,173,2566,3.0,Intensive,บุคคลทั่วไป,โครงการอบรมภาษาอังกฤษเข้มข้น (Intensive English Courses for Undergraduate Students),60.0,45.0,45.0,41.0,60000.0,40661.0,19339.0,4.75,ศูนย์ CAAS
Operational & Service Excellence by CAAS.xlsx,Service_Excellence_by_CAAS,174,2566,3.0,Intensive,บุคคลทั่วไป,โครงการอบรมภาษาอังกฤษเข้มข้น (Intensive English Courses for Undergraduate Students),60.0,45.0,45.0,43.0,60000.0,41259.0,18741.0,4.74,ศูนย์ CAAS
Operational & Service Excellence by CAAS.xlsx,Service_Excellence_by_CAAS,175,2566,4.0,Intensive,บุคคลทั่วไป,โครงการอบรมภาษาอังกฤษเข้มข้น (Intensive English Courses for Undergraduate Students),60.0,45.0,45.0,40.0,60000.0,38513.0,21487.0,4.67,ศูนย์ CAAS
Operational & Service Excellence by CAAS.xlsx,Service_Excellence_by_CAAS,176,2566,4.0,Intensive,บุคคลทั่วไป,โครงการอบรมภาษาอังกฤษเข้มข้น (Intensive English Courses for Undergraduate Students),60.0,60.0,60.0,59.0,60000.0,43986.0,16014.0,4.71,ศูนย์ CAAS
Operational & Service Excellence by CAAS.xlsx,Service_Excellence_by_CAAS,177,2566,4.0,Intensive,บุคคลทั่วไป,โครงการอบรมภาษาอังกฤษเข้มข้น (Intensive English Courses for Undergraduate Students),60.0,58.0,58.0,55.0,60000.0,43970.0,16030.0,4.81,ศูนย์ CAAS
Operational & Service Excellence by CAAS.xlsx,Service_Excellence_by_CAAS,178,2566,4.0,Intensive,บุคคลทั่วไป,โครงการอบรมภาษาอังกฤษเข้มข้น (Intensive English Courses for Undergraduate Students),60.0,64.0,64.0,58.0,60000.0,43195.0,16805.0,4.52,ศูนย์ CAAS
Operational & Service Excellence by CAAS.xlsx,Service_Excellence_by_CAAS,179,2566,4.0,Intensive,บุคคลทั่วไป,โครงการอบรมภาษาอังกฤษเข้มข้น (Intensive English Courses for Undergraduate Students),60.0,64.0,64.0,60.0,60000.0,43404.0,16596.0,4.58,ศูนย์ CAAS
Operational & Service Excellence by CAAS.xlsx,Service_Excellence_by_CAAS,180,2566,4.0,Intensive,บุคคลทั่วไป,โครงการอบรมภาษาอังกฤษเข้มข้น (Intensive English Courses for Undergraduate Students),60.0,60.0,60.0,60.0,60000.0,43986.0,16014.0,4.77,ศูนย์ CAAS
Operational & Service Excellence by CAAS.xlsx,Service_Excellence_by_CAAS,181,2566,4.0,Intensive,บุคคลทั่วไป,โครงการอบรมภาษาอังกฤษเข้มข้น (Intensive English Courses for Undergraduate Students),60.0,58.0,58.0,52.0,60000.0,43135.0,16865.0,4.49,ศูนย์ CAAS
Operational & Service Excellence by CAAS.xlsx,Service_Excellence_by_CAAS,182,2566,4.0,Intensive,บุคคลทั่วไป,โครงการอบรมภาษาอังกฤษเข้มข้น (Intensive English Courses for Undergraduate Students),60.0,58.0,58.0,54.0,60000.0,39260.0,20740.0,4.74,ศูนย์ CAAS
Operational & Service Excellence by CAAS.xlsx,Service_Excellence_by_CAAS,183,2566,4.0,Intensive,บุคคลทั่วไป,โครงการอบรมภาษาอังกฤษเข้มข้น (Intensive English Courses for Undergraduate Students),60.0,43.0,43.0,38.0,60000.0,40324.0,19676.0,4.58,ศูนย์ CAAS
Operational & Service Excellence by CAAS.xlsx,Service_Excellence_by_CAAS,184,2566,4.0,Intensive,บุคคลทั่วไป,โครงการอบรมภาษาอังกฤษเข้มข้น (Intensive English Courses for Undergraduate Students),60.0,58.0,58.0,56.0,60000.0,43925.0,16075.0,4.48,ศูนย์ CAAS
Operational & Service Excellence by CAAS.xlsx,Service_Excellence_by_CAAS,185,2566,4.0,Intensive,บุคคลทั่วไป,โครงการอบรมภาษาอังกฤษเข้มข้น (Intensive English Courses for Undergraduate Students),60.0,47.0,47.0,42.0,60000.0,40476.0,19524.0,4.42,ศูนย์ CAAS
Operational & Service Excellence by CAAS.xlsx,Service_Excellence_by_CAAS,186,2566,4.0,Intensive,บุคคลทั่วไป,โครงการอบรมภาษาอังกฤษเข้มข้น (Intensive English Courses for Undergraduate Students),60.0,59.0,59.0,55.0,60000.0,43955.0,16045.0,4.77,ศูนย์ CAAS
Operational & Service Excellence by CAAS.xlsx,Service_Excellence_by_CAAS,187,2566,4.0,Intensive,บุคคลทั่วไป,โครงการอบรมภาษาอังกฤษเข้มข้น (Intensive English Courses for Undergraduate Students),60.0,60.0,60.0,59.0,60000.0,43750.0,16250.0,4.65,ศูนย์ CAAS
Operational & Service Excellence by CAAS.xlsx,Service_Excellence_by_CAAS,188,2566,4.0,Intensive,บุคคลทั่วไป,โครงการอบรมภาษาอังกฤษเข้มข้น (Intensive English Courses for Undergraduate Students),60.0,58.0,58.0,58.0,60000.0,43750.0,16250.0,4.59,ศูนย์ CAAS
Operational & Service Excellence by CAAS.xlsx,Service_Excellence_by_CAAS,189,2566,4.0,Intensive,บุคคลทั่วไป,โครงการอบรมภาษาอังกฤษเข้มข้น (Intensive English Courses for Undergraduate Students),60.0,58.0,58.0,53.0,60000.0,42750.0,17250.0,4.69,ศูนย์ CAAS
Operational & Service Excellence by CAAS.xlsx,Service_Excellence_by_CAAS,190,2566,4.0,Intensive,บุคคลทั่วไป,โครงการอบรมภาษาอังกฤษเข้มข้น (Intensive English Courses for Undergraduate Students),60.0,54.0,54.0,49.0,60000.0,43000.0,17000.0,4.73,ศูนย์ CAAS
Operational & Service Excellence by CAAS.xlsx,Service_Excellence_by_CAAS,191,2566,4.0,Intensive,บุคคลทั่วไป,โครงการอบรมภาษาอังกฤษเข้มข้น (Intensive English Courses for Undergraduate Students),60.0,60.0,60.0,59.0,60000.0,43750.0,16250.0,4.72,ศูนย์ CAAS
Operational & Service Excellence by CAAS.xlsx,Service_Excellence_by_CAAS,192,2566,4.0,Intensive,บุคคลทั่วไป,โครงการอบรมภาษาอังกฤษเข้มข้น (Intensive English Courses for Undergraduate Students),60.0,53.0,53.0,50.0,60000.0,40750.0,19250.0,4.69,ศูนย์ CAAS
Operational & Service Excellence by CAAS.xlsx,Service_Excellence_by_CAAS,193,2566,4.0,Intensive,บุคคลทั่วไป,โครงการอบรมภาษาอังกฤษเข้มข้น (Intensive English Courses for Undergraduate Students),60.0,57.0,57.0,53.0,60000.0,40424.0,19576.0,4.74,ศูนย์ CAAS
Operational & Service Excellence by CAAS.xlsx,Service_Excellence_by_CAAS,194,2566,4.0,Intensive,บุคคลทั่วไป,โครงการอบรมภาษาอังกฤษเข้มข้น (Intensive English Courses for Undergraduate Students),60.0,59.0,59.0,54.0,60000.0,43112.0,16888.0,4.57,ศูนย์ CAAS
Operational & Service Excellence by CAAS.xlsx,Service_Excellence_by_CAAS,195,2566,4.0,Intensive,บุคคลทั่วไป,โครงการอบรมภาษาอังกฤษเข้มข้น (Intensive English Courses for Undergraduate Students),60.0,61.0,61.0,57.0,60000.0,42860.0,17140.0,4.82,ศูนย์ CAAS
Operational & Service Excellence by CAAS.xlsx,Service_Excellence_by_CAAS,196,2566,4.0,Intensive,บุคคลทั่วไป,โครงการอบรมภาษาอังกฤษเข้มข้น (Intensive English Courses for Undergraduate Students),60.0,58.0,58.0,52.0,60000.0,43616.0,16384.0,4.62,ศูนย์ CAAS
Operational & Service Excellence by CAAS.xlsx,Service_Excellence_by_CAAS,197,2566,4.0,Intensive,บุคคลทั่วไป,โครงการอบรมภาษาอังกฤษเข้มข้น (Intensive English Courses for Undergraduate Students),60.0,65.0,65.0,55.0,60000.0,42608.0,17392.0,4.53,ศูนย์ CAAS
Operational & Service Excellence by CAAS.xlsx,Service_Excellence_by_CAAS,198,2566,4.0,Intensive,บุคคลทั่วไป,โครงการอบรมภาษาอังกฤษเข้มข้น (Intensive English Courses for Undergraduate Students),60.0,43.0,43.0,36.0,60000.0,42356.0,17644.0,4.74,ศูนย์ CAAS
Operational & Service Excellence by CAAS.xlsx,Service_Excellence_by_CAAS,199,2566,4.0,Intensive,บุคคลทั่วไป,โครงการอบรมภาษาอังกฤษเข้มข้น (Intensive English Courses for Undergraduate Students),60.0,40.0,40.0,35.0,60000.0,41852.0,18148.0,4.54,ศูนย์ CAAS
Operational & Service Excellence by CAAS.xlsx,Service_Excellence_by_CAAS,200,2566,4.0,Intensive,บุคคลทั่วไป,โครงการอบรมภาษาอังกฤษเข้มข้น (Intensive English Courses for Undergraduate Students),60.0,60.0,60.0,58.0,60000.0,41597.0,18403.0,4.82,ศูนย์ CAAS
Operational & Service Excellence by CAAS.xlsx,Service_Excellence_by_CAAS,201,2566,4.0,Intensive,บุคคลทั่วไป,โครงการอบรมภาษาอังกฤษเข้มข้น (Intensive English Courses for Undergraduate Students),60.0,48.0,48.0,42.0,60000.0,43326.0,16674.0,4.75,ศูนย์ CAAS
Operational & Service Excellence by CAAS.xlsx,Service_Excellence_by_CAAS,202,2566,4.0,Intensive,บุคคลทั่วไป,โครงการอบรมภาษาอังกฤษเข้มข้น (Intensive English Courses for Undergraduate Students),60.0,55.0,55.0,48.0,60000.0,42338.0,17662.0,4.58,ศูนย์ CAAS
Operational & Service Excellence by CAAS.xlsx,Service_Excellence_by_CAAS,203,2566,4.0,Intensive,บุคคลทั่วไป,โครงการอบรมภาษาอังกฤษเข้มข้น (Intensive English Courses for Undergraduate Students),60.0,63.0,63.0,55.0,60000.0,41838.0,18162.0,4.72,ศูนย์ CAAS
Operational & Service Excellence by CAAS.xlsx,Service_Excellence_by_CAAS,204,2566,4.0,Intensive,บุคคลทั่วไป,โครงการอบรมภาษาอังกฤษเข้มข้น (Intensive English Courses for Undergraduate Students),60.0,41.0,41.0,32.0,60000.0,39571.0,20429.0,4.71,ศูนย์ CAAS
Operational & Service Excellence by CAAS.xlsx,Service_Excellence_by_CAAS,205,2566,4.0,Intensive,บุคคลทั่วไป,โครงการอบรมภาษาอังกฤษเข้มข้น (Intensive English Courses for Undergraduate Students),60.0,45.0,45.0,38.0,60000.0,41059.0,18941.0,4.72,ศูนย์ CAAS
Operational & Service Excellence by CAAS.xlsx,Service_Excellence_by_CAAS,206,2566,4.0,Intensive,บุคคลทั่วไป,โครงการอบรมภาษาอังกฤษเข้มข้น (Intensive English Courses for Undergraduate Students),60.0,42.0,42.0,37.0,60000.0,41844.0,18156.0,4.85,ศูนย์ CAAS
Operational & Service Excellence by CAAS.xlsx,Service_Excellence_by_CAAS,207,2566,4.0,Intensive,บุคคลทั่วไป,โครงการอบรมภาษาอังกฤษเข้มข้น (Intensive English Courses for Undergraduate Students),60.0,51.0,51.0,45.0,60000.0,46597.0,13403.0,4.67,ศูนย์ CAAS
Operational & Service Excellence by CAAS.xlsx,Service_Excellence_by_CAAS,208,2565,1.0,Intensive,บุคคลทั่วไป,โครงการอบรมภาษาอังกฤษเข้มข้น (Intensive English Courses for Undergraduate Students),60.0,51.0,51.0,33.0,60000.0,37410.43,22589.57,4.73,ศูนย์ CAAS
Operational & Service Excellence by CAAS.xlsx,Service_Excellence_by_CAAS,209,2565,1.0,Intensive,บุคคลทั่วไป,โครงการอบรมภาษาอังกฤษเข้มข้น (Intensive English Courses for Undergraduate Students),60.0,51.0,51.0,42.0,60000.0,37721.0,22279.0,3.81,ศูนย์ CAAS
Operational & Service Excellence by CAAS.xlsx,Service_Excellence_by_CAAS,210,2565,1.0,Intensive,บุคคลทั่วไป,โครงการอบรมภาษาอังกฤษเข้มข้น (Intensive English Courses for Undergraduate Students),60.0,57.0,57.0,55.0,60000.0,38234.0,21766.0,4.49,ศูนย์ CAAS
Operational & Service Excellence by CAAS.xlsx,Service_Excellence_by_CAAS,211,2565,1.0,Intensive,บุคคลทั่วไป,โครงการอบรมภาษาอังกฤษเข้มข้น (Intensive English Courses for Undergraduate Students),60.0,52.0,52.0,41.0,60000.0,37892.0,22108.0,4.73,ศูนย์ CAAS
Operational & Service Excellence by CAAS.xlsx,Service_Excellence_by_CAAS,212,2565,1.0,Intensive,บุคคลทั่วไป,โครงการอบรมภาษาอังกฤษเข้มข้น (Intensive English Courses for Undergraduate Students),60.0,48.0,48.0,47.0,60000.0,41687.43,18312.57,4.52,ศูนย์ CAAS
Operational & Service Excellence by CAAS.xlsx,Service_Excellence_by_CAAS,213,2565,1.0,Intensive,บุคคลทั่วไป,โครงการอบรมภาษาอังกฤษเข้มข้น (Intensive English Courses for Undergraduate Students),60.0,51.0,51.0,51.0,60000.0,42473.43,17526.57,4.6,ศูนย์ CAAS
Operational & Service Excellence by CAAS.xlsx,Service_Excellence_by_CAAS,214,2565,1.0,Intensive,บุคคลทั่วไป,โครงการอบรมภาษาอังกฤษเข้มข้น (Intensive English Courses for Undergraduate Students),60.0,52.0,52.0,42.0,60000.0,42624.0,17376.0,4.72,ศูนย์ CAAS
Operational & Service Excellence by CAAS.xlsx,Service_Excellence_by_CAAS,215,2565,1.0,Intensive,บุคคลทั่วไป,โครงการอบรมภาษาอังกฤษเข้มข้น (Intensive English Courses for Undergraduate Students),60.0,54.0,54.0,52.0,60000.0,43148.0,16852.0,4.49,ศูนย์ CAAS
Operational & Service Excellence by CAAS.xlsx,Service_Excellence_by_CAAS,216,2565,1.0,Intensive,บุคคลทั่วไป,โครงการอบรมภาษาอังกฤษเข้มข้น (Intensive English Courses for Undergraduate Students),60.0,47.0,47.0,47.0,60000.0,41687.43,18312.57,4.65,ศูนย์ CAAS
Operational & Service Excellence by CAAS.xlsx,Service_Excellence_by_CAAS,217,2565,1.0,Intensive,บุคคลทั่วไป,โครงการอบรมภาษาอังกฤษเข้มข้น (Intensive English Courses for Undergraduate Students),60.0,50.0,50.0,48.0,60000.0,41012.86,18987.14,4.84,ศูนย์ CAAS
Operational & Service Excellence by CAAS.xlsx,Service_Excellence_by_CAAS,218,2565,1.0,Intensive,บุคคลทั่วไป,โครงการอบรมภาษาอังกฤษเข้มข้น (Intensive English Courses for Undergraduate Students),60.0,46.0,46.0,43.0,60000.0,42100.0,17900.0,4.49,ศูนย์ CAAS
Operational & Service Excellence by CAAS.xlsx,Service_Excellence_by_CAAS,219,2565,1.0,Intensive,บุคคลทั่วไป,โครงการอบรมภาษาอังกฤษเข้มข้น (Intensive English Courses for Undergraduate Students),60.0,54.0,54.0,53.0,60000.0,43148.0,16852.0,4.68,ศูนย์ CAAS
Operational & Service Excellence by CAAS.xlsx,Service_Excellence_by_CAAS,220,2565,1.0,Intensive,บุคคลทั่วไป,โครงการอบรมภาษาอังกฤษเข้มข้น (Intensive English Courses for Undergraduate Students),60.0,50.0,50.0,47.0,60000.0,41850.0,18150.0,4.46,ศูนย์ CAAS
Operational & Service Excellence by CAAS.xlsx,Service_Excellence_by_CAAS,221,2565,1.0,Intensive,บุคคลทั่วไป,โครงการอบรมภาษาอังกฤษเข้มข้น (Intensive English Courses for Undergraduate Students),60.0,52.0,52.0,47.0,60000.0,38638.86,21361.14,4.71,ศูนย์ CAAS
Operational & Service Excellence by CAAS.xlsx,Service_Excellence_by_CAAS,222,2565,1.0,Intensive,บุคคลทั่วไป,โครงการอบรมภาษาอังกฤษเข้มข้น (Intensive English Courses for Undergraduate Students),60.0,52.0,52.0,43.0,60000.0,38638.86,21361.14,4.69,ศูนย์ CAAS
Operational & Service Excellence by CAAS.xlsx,Service_Excellence_by_CAAS,223,2565,1.0,Intensive,บุคคลทั่วไป,โครงการอบรมภาษาอังกฤษเข้มข้น (Intensive English Courses for Undergraduate Students),60.0,49.0,49.0,47.0,60000.0,42211.43,17788.57,4.7,ศูนย์ CAAS
Operational & Service Excellence by CAAS.xlsx,Service_Excellence_by_CAAS,224,2565,1.0,Intensive,บุคคลทั่วไป,โครงการอบรมภาษาอังกฤษเข้มข้น (Intensive English Courses for Undergraduate Students),60.0,54.0,54.0,52.0,60000.0,43148.0,16852.0,4.65,ศูนย์ CAAS
Operational & Service Excellence by CAAS.xlsx,Service_Excellence_by_CAAS,225,2565,1.0,Intensive,บุคคลทั่วไป,โครงการอบรมภาษาอังกฤษเข้มข้น (Intensive English Courses for Undergraduate Students),60.0,50.0,50.0,49.0,60000.0,42100.0,17900.0,4.6,ศูนย์ CAAS
Operational & Service Excellence by CAAS.xlsx,Service_Excellence_by_CAAS,226,2565,1.0,Intensive,บุคคลทั่วไป,โครงการอบรมภาษาอังกฤษเข้มข้น (Intensive English Courses for Undergraduate Students),60.0,56.0,56.0,54.0,60000.0,42624.0,17376.0,4.8,ศูนย์ CAAS
Operational & Service Excellence by CAAS.xlsx,Service_Excellence_by_CAAS,227,2565,1.0,Intensive,บุคคลทั่วไป,โครงการอบรมภาษาอังกฤษเข้มข้น (Intensive English Courses for Undergraduate Students),60.0,56.0,56.0,50.0,60000.0,43672.0,16328.0,4.62,ศูนย์ CAAS
Operational & Service Excellence by CAAS.xlsx,Service_Excellence_by_CAAS,228,2565,1.0,Intensive,บุคคลทั่วไป,โครงการอบรมภาษาอังกฤษเข้มข้น (Intensive English Courses for Undergraduate Students),60.0,49.0,49.0,41.0,60000.0,42162.43,17837.57,4.6,ศูนย์ CAAS
Operational & Service Excellence by CAAS.xlsx,Service_Excellence_by_CAAS,229,2565,1.0,Intensive,บุคคลทั่วไป,โครงการอบรมภาษาอังกฤษเข้มข้น (Intensive English Courses for Undergraduate Students),60.0,51.0,51.0,33.0,60000.0,42311.0,17689.0,4.28,ศูนย์ CAAS
Operational & Service Excellence by CAAS.xlsx,Service_Excellence_by_CAAS,230,2565,1.0,Intensive,บุคคลทั่วไป,โครงการอบรมภาษาอังกฤษเข้มข้น (Intensive English Courses for Undergraduate Students),60.0,51.0,51.0,43.0,60000.0,42311.0,17689.0,4.54,ศูนย์ CAAS
Operational & Service Excellence by CAAS.xlsx,Service_Excellence_by_CAAS,231,2565,1.0,Intensive,บุคคลทั่วไป,โครงการอบรมภาษาอังกฤษเข้มข้น (Intensive English Courses for Undergraduate Students),60.0,54.0,54.0,49.0,60000.0,43094.0,16906.0,4.65,ศูนย์ CAAS
Operational & Service Excellence by CAAS.xlsx,Service_Excellence_by_CAAS,232,2565,1.0,Intensive,บุคคลทั่วไป,โครงการอบรมภาษาอังกฤษเข้มข้น (Intensive English Courses for Undergraduate Students),60.0,49.0,49.0,47.0,60000.0,41789.0,18211.0,4.63,ศูนย์ CAAS
Operational & Service Excellence by CAAS.xlsx,Service_Excellence_by_CAAS,233,2565,1.0,Intensive,บุคคลทั่วไป,โครงการอบรมภาษาอังกฤษเข้มข้น (Intensive English Courses for Undergraduate Students),60.0,54.0,54.0,54.0,60000.0,42621.0,17379.0,4.69,ศูนย์ CAAS
Operational & Service Excellence by CAAS.xlsx,Service_Excellence_by_CAAS,234,2565,1.0,Intensive,บุคคลทั่วไป,โครงการอบรมภาษาอังกฤษเข้มข้น (Intensive English Courses for Undergraduate Students),60.0,50.0,50.0,50.0,60000.0,41850.0,18150.0,4.74,ศูนย์ CAAS
Operational & Service Excellence by CAAS.xlsx,Service_Excellence_by_CAAS,235,2565,1.0,Intensive,บุคคลทั่วไป,โครงการอบรมภาษาอังกฤษเข้มข้น (Intensive English Courses for Undergraduate Students),60.0,47.0,47.0,35.0,60000.0,41371.86,18628.14,4.76,ศูนย์ CAAS
Operational & Service Excellence by CAAS.xlsx,Service_Excellence_by_CAAS,236,2565,1.0,Intensive,บุคคลทั่วไป,โครงการอบรมภาษาอังกฤษเข้มข้น (Intensive English Courses for Undergraduate Students),60.0,47.0,47.0,45.0,60000.0,42013.86,17986.14,4.54,ศูนย์ CAAS
Operational & Service Excellence by CAAS.xlsx,Service_Excellence_by_CAAS,237,2565,1.0,Intensive,บุคคลทั่วไป,โครงการอบรมภาษาอังกฤษเข้มข้น (Intensive English Courses for Undergraduate Students),60.0,54.0,54.0,39.0,60000.0,42833.0,17167.0,4.22,ศูนย์ CAAS
Operational & Service Excellence by CAAS.xlsx,Service_Excellence_by_CAAS,238,2565,1.0,Intensive,บุคคลทั่วไป,โครงการอบรมภาษาอังกฤษเข้มข้น (Intensive English Courses for Undergraduate Students),60.0,50.0,50.0,50.0,60000.0,41950.0,18050.0,3.97,ศูนย์ CAAS
Operational & Service Excellence by CAAS.xlsx,Service_Excellence_by_CAAS,239,2565,1.0,Intensive,บุคคลทั่วไป,โครงการอบรมภาษาอังกฤษเข้มข้น (Intensive English Courses for Undergraduate Students),60.0,48.0,48.0,43.0,60000.0,41805.43,18194.57,4.07,ศูนย์ CAAS
Operational & Service Excellence by CAAS.xlsx,Service_Excellence_by_CAAS,240,2565,1.0,Intensive,บุคคลทั่วไป,โครงการอบรมภาษาอังกฤษเข้มข้น (Intensive English Courses for Undergraduate Students),60.0,49.0,49.0,47.0,60000.0,41966.43,18033.57,4.31,ศูนย์ CAAS
Operational & Service Excellence by CAAS.xlsx,Service_Excellence_by_CAAS,241,2565,1.0,Intensive,บุคคลทั่วไป,โครงการอบรมภาษาอังกฤษเข้มข้น (Intensive English Courses for Undergraduate Students),60.0,59.0,59.0,56.0,60000.0,43986.0,16014.0,4.53,ศูนย์ CAAS
Operational & Service Excellence by CAAS.xlsx,Service_Excellence_by_CAAS,242,2565,1.0,Intensive,บุคคลทั่วไป,โครงการอบรมภาษาอังกฤษเข้มข้น (Intensive English Courses for Undergraduate Students),60.0,56.0,56.0,54.0,60000.0,43504.0,16496.0,4.75,ศูนย์ CAAS
Operational & Service Excellence by CAAS.xlsx,Service_Excellence_by_CAAS,243,2565,1.0,Intensive,บุคคลทั่วไป,โครงการอบรมภาษาอังกฤษเข้มข้น (Intensive English Courses for Undergraduate Students),60.0,53.0,53.0,39.0,60000.0,42621.0,17379.0,4.28,ศูนย์ CAAS
Operational & Service Excellence by CAAS.xlsx,Service_Excellence_by_CAAS,244,2565,1.0,Intensive,บุคคลทั่วไป,โครงการอบรมภาษาอังกฤษเข้มข้น (Intensive English Courses for Undergraduate Students),60.0,51.0,51.0,30.0,60000.0,42107.0,17893.0,4.31,ศูนย์ CAAS
Operational & Service Excellence by CAAS.xlsx,Service_Excellence_by_CAAS,245,2565,1.0,Intensive,บุคคลทั่วไป,โครงการอบรมภาษาอังกฤษเข้มข้น (Intensive English Courses for Undergraduate Students),60.0,51.0,51.0,43.0,60000.0,42107.0,17893.0,4.39,ศูนย์ CAAS
Operational & Service Excellence by CAAS.xlsx,Service_Excellence_by_CAAS,246,2565,1.0,Intensive,บุคคลทั่วไป,โครงการอบรมภาษาอังกฤษเข้มข้น (Intensive English Courses for Undergraduate Students),60.0,54.0,54.0,38.0,60000.0,42878.0,17122.0,4.32,ศูนย์ CAAS
Operational & Service Excellence by CAAS.xlsx,Service_Excellence_by_CAAS,247,2565,1.0,Intensive,บุคคลทั่วไป,โครงการอบรมภาษาอังกฤษเข้มข้น (Intensive English Courses for Undergraduate Students),60.0,46.0,46.0,44.0,60000.0,40822.0,19178.0,4.59,ศูนย์ CAAS
Operational & Service Excellence by CAAS.xlsx,Service_Excellence_by_CAAS,248,2565,1.0,Intensive,บุคคลทั่วไป,โครงการอบรมภาษาอังกฤษเข้มข้น (Intensive English Courses for Undergraduate Students),60.0,53.0,53.0,48.0,60000.0,42621.0,17379.0,4.74,ศูนย์ CAAS
Operational & Service Excellence by CAAS.xlsx,Service_Excellence_by_CAAS,249,2565,1.0,Intensive,บุคคลทั่วไป,โครงการอบรมภาษาอังกฤษเข้มข้น (Intensive English Courses for Undergraduate Students),60.0,51.0,51.0,41.0,60000.0,42107.0,17893.0,4.73,ศูนย์ CAAS
Operational & Service Excellence by CAAS.xlsx,Service_Excellence_by_CAAS,250,2565,1.0,Intensive,บุคคลทั่วไป,โครงการอบรมภาษาอังกฤษเข้มข้น (Intensive English Courses for Undergraduate Students),60.0,54.0,54.0,51.0,60000.0,42878.0,17122.0,4.54,ศูนย์ CAAS
Operational & Service Excellence by CAAS.xlsx,Service_Excellence_by_CAAS,251,2565,1.0,Intensive,บุคคลทั่วไป,โครงการอบรมภาษาอังกฤษเข้มข้น (Intensive English Courses for Undergraduate Students),60.0,48.0,48.0,42.0,60000.0,41336.0,18664.0,4.65,ศูนย์ CAAS
Operational & Service Excellence by CAAS.xlsx,Service_Excellence_by_CAAS,252,2565,1.0,Intensive,บุคคลทั่วไป,โครงการอบรมภาษาอังกฤษเข้มข้น (Intensive English Courses for Undergraduate Students),60.0,49.0,49.0,35.0,60000.0,42364.0,17636.0,4.8,ศูนย์ CAAS
Operational & Service Excellence by CAAS.xlsx,Service_Excellence_by_CAAS,253,2565,1.0,Intensive,บุคคลทั่วไป,โครงการอบรมภาษาอังกฤษเข้มข้น (Intensive English Courses for Undergraduate Students),60.0,52.0,52.0,48.0,60000.0,42364.0,17636.0,4.43,ศูนย์ CAAS
Operational & Service Excellence by CAAS.xlsx,Service_Excellence_by_CAAS,254,2565,2.0,Intensive,บุคคลทั่วไป,โครงการอบรมภาษาอังกฤษเข้มข้น (Intensive English Courses for Undergraduate Students),60.0,53.0,53.0,52.0,60000.0,42486.86,17513.14,4.83,ศูนย์ CAAS
Operational & Service Excellence by CAAS.xlsx,Service_Excellence_by_CAAS,255,2565,2.0,Intensive,บุคคลทั่วไป,โครงการอบรมภาษาอังกฤษเข้มข้น (Intensive English Courses for Undergraduate Students),60.0,56.0,56.0,53.0,60000.0,43974.0,16026.0,4.37,ศูนย์ CAAS
Operational & Service Excellence by CAAS.xlsx,Service_Excellence_by_CAAS,256,2565,2.0,Intensive,บุคคลทั่วไป,โครงการอบรมภาษาอังกฤษเข้มข้น (Intensive English Courses for Undergraduate Students),60.0,45.0,45.0,35.0,60000.0,42192.29,17807.71,4.64,ศูนย์ CAAS
Operational & Service Excellence by CAAS.xlsx,Service_Excellence_by_CAAS,257,2565,2.0,Intensive,บุคคลทั่วไป,โครงการอบรมภาษาอังกฤษเข้มข้น (Intensive English Courses for Undergraduate Students),60.0,57.0,57.0,52.0,60000.0,43899.43,16100.57,4.46,ศูนย์ CAAS
Operational & Service Excellence by CAAS.xlsx,Service_Excellence_by_CAAS,258,2565,2.0,Intensive,บุคคลทั่วไป,โครงการอบรมภาษาอังกฤษเข้มข้น (Intensive English Courses for Undergraduate Students),60.0,51.0,51.0,48.0,60000.0,43899.43,16100.57,4.64,ศูนย์ CAAS
Operational & Service Excellence by CAAS.xlsx,Service_Excellence_by_CAAS,259,2565,2.0,Intensive,บุคคลทั่วไป,โครงการอบรมภาษาอังกฤษเข้มข้น (Intensive English Courses for Undergraduate Students),60.0,53.0,53.0,51.0,60000.0,43630.43,16369.57,4.81,ศูนย์ CAAS
Operational & Service Excellence by CAAS.xlsx,Service_Excellence_by_CAAS,260,2565,2.0,Intensive,บุคคลทั่วไป,โครงการอบรมภาษาอังกฤษเข้มข้น (Intensive English Courses for Undergraduate Students),60.0,44.0,44.0,34.0,60000.0,42376.0,17624.0,4.6,ศูนย์ CAAS
Operational & Service Excellence by CAAS.xlsx,Service_Excellence_by_CAAS,261,2565,2.0,Intensive,บุคคลทั่วไป,โครงการอบรมภาษาอังกฤษเข้มข้น (Intensive English Courses for Undergraduate Students),60.0,45.0,45.0,21.0,60000.0,41291.0,18709.0,4.41,ศูนย์ CAAS
Operational & Service Excellence by CAAS.xlsx,Service_Excellence_by_CAAS,262,2565,2.0,Intensive,บุคคลทั่วไป,โครงการอบรมภาษาอังกฤษเข้มข้น (Intensive English Courses for Undergraduate Students),60.0,50.0,50.0,46.0,60000.0,42824.0,17176.0,4.63,ศูนย์ CAAS
Operational & Service Excellence by CAAS.xlsx,Service_Excellence_by_CAAS,263,2565,2.0,Intensive,บุคคลทั่วไป,โครงการอบรมภาษาอังกฤษเข้มข้น (Intensive English Courses for Undergraduate Students),60.0,50.0,50.0,44.0,60000.0,42350.0,17650.0,4.67,ศูนย์ CAAS
Operational & Service Excellence by CAAS.xlsx,Service_Excellence_by_CAAS,264,2565,2.0,Intensive,บุคคลทั่วไป,โครงการอบรมภาษาอังกฤษเข้มข้น (Intensive English Courses for Undergraduate Students),60.0,34.0,34.0,22.0,60000.0,39488.29,20511.71,4.63,ศูนย์ CAAS
Operational & Service Excellence by CAAS.xlsx,Service_Excellence_by_CAAS,265,2565,2.0,Intensive,บุคคลทั่วไป,โครงการอบรมภาษาอังกฤษเข้มข้น (Intensive English Courses for Undergraduate Students),60.0,44.0,44.0,30.0,60000.0,40813.43,19186.57,4.26,ศูนย์ CAAS
Operational & Service Excellence by CAAS.xlsx,Service_Excellence_by_CAAS,266,2565,2.0,Intensive,บุคคลทั่วไป,โครงการอบรมภาษาอังกฤษเข้มข้น (Intensive English Courses for Undergraduate Students),60.0,51.0,51.0,43.0,60000.0,42215.0,17785.0,4.46,ศูนย์ CAAS
Operational & Service Excellence by CAAS.xlsx,Service_Excellence_by_CAAS,267,2565,2.0,Intensive,บุคคลทั่วไป,โครงการอบรมภาษาอังกฤษเข้มข้น (Intensive English Courses for Undergraduate Students),60.0,50.0,50.0,35.0,60000.0,42015.0,17985.0,4.56,ศูนย์ CAAS
Operational & Service Excellence by CAAS.xlsx,Service_Excellence_by_CAAS,268,2565,2.0,Intensive,บุคคลทั่วไป,โครงการอบรมภาษาอังกฤษเข้มข้น (Intensive English Courses for Undergraduate Students),60.0,40.0,40.0,22.0,60000.0,40371.86,19628.14,4.55,ศูนย์ CAAS
Operational & Service Excellence by CAAS.xlsx,Service_Excellence_by_CAAS,269,2565,2.0,Intensive,บุคคลทั่วไป,โครงการอบรมภาษาอังกฤษเข้มข้น (Intensive English Courses for Undergraduate Students),60.0,47.0,47.0,25.0,60000.0,40991.0,19009.0,4.3,ศูนย์ CAAS
Operational & Service Excellence by CAAS.xlsx,Service_Excellence_by_CAAS,270,2565,3.0,Intensive,บุคคลทั่วไป,โครงการอบรมภาษาอังกฤษเข้มข้น (Intensive English Courses for Undergraduate Students),60.0,47.0,47.0,20.0,60000.0,38995.86,21004.14,4.56,ศูนย์ CAAS
Operational & Service Excellence by CAAS.xlsx,Service_Excellence_by_CAAS,271,2565,3.0,Intensive,บุคคลทั่วไป,โครงการอบรมภาษาอังกฤษเข้มข้น (Intensive English Courses for Undergraduate Students),60.0,46.0,46.0,40.0,60000.0,38527.86,21472.14,4.69,ศูนย์ CAAS
Operational & Service Excellence by CAAS.xlsx,Service_Excellence_by_CAAS,272,2565,3.0,Intensive,บุคคลทั่วไป,โครงการอบรมภาษาอังกฤษเข้มข้น (Intensive English Courses for Undergraduate Students),60.0,57.0,57.0,48.0,60000.0,41399.43,18600.57,4.65,ศูนย์ CAAS
Operational & Service Excellence by CAAS.xlsx,Service_Excellence_by_CAAS,273,2565,3.0,Intensive,บุคคลทั่วไป,โครงการอบรมภาษาอังกฤษเข้มข้น (Intensive English Courses for Undergraduate Students),60.0,46.0,46.0,44.0,60000.0,40822.86,19177.14,4.82,ศูนย์ CAAS
Operational & Service Excellence by CAAS.xlsx,Service_Excellence_by_CAAS,274,2565,3.0,Intensive,บุคคลทั่วไป,โครงการอบรมภาษาอังกฤษเข้มข้น (Intensive English Courses for Undergraduate Students),60.0,58.0,58.0,57.0,60000.0,43168.0,16832.0,4.77,ศูนย์ CAAS
Operational & Service Excellence by CAAS.xlsx,Service_Excellence_by_CAAS,275,2565,3.0,Intensive,บุคคลทั่วไป,โครงการอบรมภาษาอังกฤษเข้มข้น (Intensive English Courses for Undergraduate Students),60.0,45.0,45.0,45.0,60000.0,41208.43,18791.57,4.72,ศูนย์ CAAS
Operational & Service Excellence by CAAS.xlsx,Service_Excellence_by_CAAS,276,2565,3.0,Intensive,บุคคลทั่วไป,โครงการอบรมภาษาอังกฤษเข้มข้น (Intensive English Courses for Undergraduate Students),60.0,47.0,47.0,24.0,60000.0,40240.29,19759.71,4.37,ศูนย์ CAAS
Operational & Service Excellence by CAAS.xlsx,Service_Excellence_by_CAAS,277,2565,3.0,Intensive,บุคคลทั่วไป,โครงการอบรมภาษาอังกฤษเข้มข้น (Intensive English Courses for Undergraduate Students),60.0,56.0,56.0,43.0,60000.0,41011.43,18988.57,4.47,ศูนย์ CAAS
Operational & Service Excellence by CAAS.xlsx,Service_Excellence_by_CAAS,278,2565,3.0,Intensive,บุคคลทั่วไป,โครงการอบรมภาษาอังกฤษเข้มข้น (Intensive English Courses for Undergraduate Students),60.0,50.0,50.0,25.0,60000.0,40496.86,19503.14,4.43,ศูนย์ CAAS
Operational & Service Excellence by CAAS.xlsx,Service_Excellence_by_CAAS,279,2565,3.0,Intensive,บุคคลทั่วไป,โครงการอบรมภาษาอังกฤษเข้มข้น (Intensive English Courses for Undergraduate Students),60.0,50.0,50.0,39.0,60000.0,41000.0,19000.0,4.46,ศูนย์ CAAS
Operational & Service Excellence by CAAS.xlsx,Service_Excellence_by_CAAS,280,2565,3.0,Intensive,บุคคลทั่วไป,โครงการอบรมภาษาอังกฤษเข้มข้น (Intensive English Courses for Undergraduate Students),60.0,51.0,51.0,45.0,60000.0,41496.86,18503.14,4.67,ศูนย์ CAAS
Operational & Service Excellence by CAAS.xlsx,Service_Excellence_by_CAAS,281,2565,3.0,Intensive,บุคคลทั่วไป,โครงการอบรมภาษาอังกฤษเข้มข้น (Intensive English Courses for Undergraduate Students),60.0,48.0,48.0,48.0,60000.0,40074.0,19926.0,4.64,ศูนย์ CAAS
Operational & Service Excellence by CAAS.xlsx,Service_Excellence_by_CAAS,282,2565,3.0,Intensive,บุคคลทั่วไป,โครงการอบรมภาษาอังกฤษเข้มข้น (Intensive English Courses for Undergraduate Students),60.0,58.0,58.0,57.0,60000.0,43000.0,17000.0,4.57,ศูนย์ CAAS
Operational & Service Excellence by CAAS.xlsx,Service_Excellence_by_CAAS,283,2565,3.0,Intensive,บุคคลทั่วไป,โครงการอบรมภาษาอังกฤษเข้มข้น (Intensive English Courses for Undergraduate Students),60.0,51.0,51.0,50.0,60000.0,40824.0,19176.0,4.63,ศูนย์ CAAS
Operational & Service Excellence by CAAS.xlsx,Service_Excellence_by_CAAS,284,2565,3.0,Intensive,บุคคลทั่วไป,โครงการอบรมภาษาอังกฤษเข้มข้น (Intensive English Courses for Undergraduate Students),60.0,31.0,31.0,25.0,60000.0,42020.0,17980.0,4.82,ศูนย์ CAAS
Operational & Service Excellence by CAAS.xlsx,Service_Excellence_by_CAAS,285,2565,3.0,Intensive,บุคคลทั่วไป,โครงการอบรมภาษาอังกฤษเข้มข้น (Intensive English Courses for Undergraduate Students),60.0,33.0,33.0,28.0,60000.0,42506.0,17494.0,4.71,ศูนย์ CAAS
Operational & Service Excellence by CAAS.xlsx,Service_Excellence_by_CAAS,286,2565,3.0,Intensive,บุคคลทั่วไป,โครงการอบรมภาษาอังกฤษเข้มข้น (Intensive English Courses for Undergraduate Students),60.0,49.0,49.0,46.0,60000.0,41970.0,18030.0,4.55,ศูนย์ CAAS
Operational & Service Excellence by CAAS.xlsx,Service_Excellence_by_CAAS,287,2565,3.0,Intensive,บุคคลทั่วไป,โครงการอบรมภาษาอังกฤษเข้มข้น (Intensive English Courses for Undergraduate Students),60.0,52.0,52.0,50.0,60000.0,42750.0,17250.0,4.71,ศูนย์ CAAS
Operational & Service Excellence by CAAS.xlsx,Service_Excellence_by_CAAS,288,2565,4.0,Intensive,บุคคลทั่วไป,โครงการอบรมภาษาอังกฤษเข้มข้น (Intensive English Courses for Undergraduate Students),60.0,33.0,33.0,32.0,60000.0,40995.0,19005.0,4.63,ศูนย์ CAAS
Operational & Service Excellence by CAAS.xlsx,Service_Excellence_by_CAAS,289,2565,4.0,Intensive,บุคคลทั่วไป,โครงการอบรมภาษาอังกฤษเข้มข้น (Intensive English Courses for Undergraduate Students),60.0,40.0,40.0,24.0,60000.0,40825.0,19175.0,4.61,ศูนย์ CAAS
Operational & Service Excellence by CAAS.xlsx,Service_Excellence_by_CAAS,290,2565,4.0,Intensive,บุคคลทั่วไป,โครงการอบรมภาษาอังกฤษเข้มข้น (Intensive English Courses for Undergraduate Students),60.0,54.0,54.0,49.0,60000.0,42392.0,17608.0,4.69,ศูนย์ CAAS
Operational & Service Excellence by CAAS.xlsx,Service_Excellence_by_CAAS,291,2565,4.0,Intensive,บุคคลทั่วไป,โครงการอบรมภาษาอังกฤษเข้มข้น (Intensive English Courses for Undergraduate Students),60.0,48.0,48.0,48.0,60000.0,40904.0,19096.0,4.6,ศูนย์ CAAS
Operational & Service Excellence by CAAS.xlsx,Service_Excellence_by_CAAS,292,2565,4.0,Intensive,บุคคลทั่วไป,โครงการอบรมภาษาอังกฤษเข้มข้น (Intensive English Courses for Undergraduate Students),60.0,46.0,46.0,32.0,60000.0,41152.0,18848.0,4.48,ศูนย์ CAAS
Operational & Service Excellence by CAAS.xlsx,Service_Excellence_by_CAAS,293,2565,4.0,Intensive,บุคคลทั่วไป,โครงการอบรมภาษาอังกฤษเข้มข้น (Intensive English Courses for Undergraduate Students),60.0,54.0,54.0,52.0,60000.0,42446.0,17554.0,4.52,ศูนย์ CAAS
Operational & Service Excellence by CAAS.xlsx,Service_Excellence_by_CAAS,294,2565,4.0,Intensive,บุคคลทั่วไป,โครงการอบรมภาษาอังกฤษเข้มข้น (Intensive English Courses for Undergraduate Students),60.0,48.0,48.0,46.0,60000.0,41151.0,18849.0,4.51,ศูนย์ CAAS
Operational & Service Excellence by CAAS.xlsx,Service_Excellence_by_CAAS,295,2565,4.0,Intensive,บุคคลทั่วไป,โครงการอบรมภาษาอังกฤษเข้มข้น (Intensive English Courses for Undergraduate Students),60.0,53.0,53.0,37.0,60000.0,46948.0,13052.0,4.53,ศูนย์ CAAS
Operational & Service Excellence by CAAS.xlsx,Service_Excellence_by_CAAS,296,2565,4.0,Intensive,บุคคลทั่วไป,โครงการอบรมภาษาอังกฤษเข้มข้น (Intensive English Courses for Undergraduate Students),60.0,52.0,52.0,47.0,60000.0,41896.0,18104.0,4.65,ศูนย์ CAAS
Operational & Service Excellence by CAAS.xlsx,Service_Excellence_by_CAAS,297,2565,4.0,Intensive,บุคคลทั่วไป,โครงการอบรมภาษาอังกฤษเข้มข้น (Intensive English Courses for Undergraduate Students),60.0,55.0,55.0,47.0,60000.0,42446.0,17554.0,4.71,ศูนย์ CAAS
Operational & Service Excellence by CAAS.xlsx,Service_Excellence_by_CAAS,298,2565,4.0,Intensive,บุคคลทั่วไป,โครงการอบรมภาษาอังกฤษเข้มข้นตามมาตรฐาน CEFR  (CEFR Intensive English Courses),60.0,56.0,56.0,40.0,60000.0,29500.0,30500.0,4.74,ศูนย์ CAAS
Operational & Service Excellence by CAAS.xlsx,Service_Excellence_by_CAAS,299,2565,4.0,Intensive,บุคคลทั่วไป,โครงการอบรมภาษาอังกฤษเข้มข้นตามมาตรฐาน CEFR  (CEFR Intensive English Courses),60.0,51.0,51.0,36.0,60000.0,29500.0,30500.0,4.74,ศูนย์ CAAS
Operational & Service Excellence by CAAS.xlsx,Service_Excellence_by_CAAS,300,2565,4.0,Intensive,บุคคลทั่วไป,โครงการอบรมภาษาอังกฤษเข้มข้นตามมาตรฐาน CEFR  (CEFR Intensive English Courses),60.0,57.0,57.0,40.0,60000.0,29500.0,30500.0,4.46,ศูนย์ CAAS
Operational & Service Excellence by CAAS.xlsx,Service_Excellence_by_CAAS,301,2565,4.0,Intensive,บุคคลทั่วไป,โครงการอบรมภาษาอังกฤษเข้มข้นตามมาตรฐาน CEFR  (CEFR Intensive English Courses),60.0,53.0,53.0,45.0,60000.0,29500.0,30500.0,4.69,ศูนย์ CAAS
Operational & Service Excellence by CAAS.xlsx,Service_Excellence_by_CAAS,302,2565,4.0,Intensive,บุคคลทั่วไป,โครงการอบรมภาษาอังกฤษเข้มข้นตามมาตรฐาน CEFR  (CEFR Intensive English Courses),60.0,55.0,55.0,35.0,60000.0,29500.0,30500.0,4.76,ศูนย์ CAAS
Operational & Service Excellence by CAAS.xlsx,Service_Excellence_by_CAAS,303,2565,4.0,Intensive,บุคคลทั่วไป,โครงการอบรมภาษาอังกฤษเข้มข้นตามมาตรฐาน CEFR  (CEFR Intensive English Courses),60.0,53.0,53.0,35.0,60000.0,29500.0,30500.0,4.71,ศูนย์ CAAS
Operational & Service Excellence by CAAS.xlsx,Service_Excellence_by_CAAS,304,2565,4.0,Intensive,บุคคลทั่วไป,โครงการอบรมภาษาอังกฤษเข้มข้นตามมาตรฐาน CEFR  (CEFR Intensive English Courses),60.0,52.0,52.0,38.0,60000.0,34500.0,25500.0,4.61,ศูนย์ CAAS
Operational & Service Excellence by CAAS.xlsx,Service_Excellence_by_CAAS,332,2566,1.0,การจัดสอบ TOEIC,บุคคลทั่วไป,โครงการบริการจัดสอบ TOEIC,45.0,32.0,32.0,0.0,48150.0,41532.5,6617.5,4.64,ศูนย์ CAAS
Operational & Service Excellence by CAAS.xlsx,Service_Excellence_by_CAAS,333,2566,1.0,Short Course,บุคคลทั่วไป,โครงการอบรมภาษาอังกฤษเพื่อการสอบ IELTS,15.0,12.0,12.0,0.0,50400.0,50207.0,193.0,4.88,ศูนย์ CAAS
Operational & Service Excellence by CAAS.xlsx,Service_Excellence_by_CAAS,334,2566,1.0,Short Course,บุคคลทั่วไป,โครงการอบรมผู้สอนภาษาไทยให้ชาวต่างประเทศ,20.0,17.0,17.0,0.0,76500.0,40992.0,35508.0,4.72,ศูนย์ CAAS
Operational & Service Excellence by CAAS.xlsx,Service_Excellence_by_CAAS,335,2566,1.0,การจัดสอบ TOEIC,บุคคลทั่วไป,โครงการบริการจัดสอบ TOEIC,45.0,37.0,37.0,0.0,54450.0,46684.5,7765.5,4.58,ศูนย์ CAAS
Operational & Service Excellence by CAAS.xlsx,Service_Excellence_by_CAAS,336,2566,1.0,Short Course,บุคคลทั่วไป,โครงการอบรมผู้สอนภาษาไทยให้ชาวต่างประเทศ,20.0,17.0,17.0,0.0,76500.0,41356.0,35144.0,4.48,ศูนย์ CAAS
Operational & Service Excellence by CAAS.xlsx,Service_Excellence_by_CAAS,337,2566,2.0,การจัดสอบ TOEIC,บุคคลทั่วไป,โครงการบริการจัดสอบ TOEIC,45.0,53.0,53.0,0.0,77850.0,71974.5,5875.5,4.7,ศูนย์ CAAS
Operational & Service Excellence by CAAS.xlsx,Service_Excellence_by_CAAS,338,2566,2.0,Short Course,บุคคลทั่วไป,โครงการอบรมผู้สอนภาษาไทยให้ชาวต่างประเทศ,15.0,14.0,14.0,0.0,63000.0,38880.0,24120.0,4.54,ศูนย์ CAAS
Operational & Service Excellence by CAAS.xlsx,Service_Excellence_by_CAAS,339,2566,3.0,การจัดสอบ TOEIC,บุคคลทั่วไป,โครงการบริการจัดสอบ TOEIC,45.0,90.0,90.0,0.0,132950.0,117050.5,15899.5,4.69,ศูนย์ CAAS
Operational & Service Excellence by CAAS.xlsx,Service_Excellence_by_CAAS,340,2566,3.0,การจัดสอบ TOEIC,บุคคลทั่วไป,โครงการบริการจัดสอบ TOEIC,45.0,80.0,80.0,0.0,121400.0,106486.0,14914.0,4.66,ศูนย์ CAAS
Operational & Service Excellence by CAAS.xlsx,Service_Excellence_by_CAAS,341,2566,3.0,Short Course,บุคคลทั่วไป,โครงการอบรมผู้สอนภาษาไทยให้ชาวต่างประเทศ,10.0,8.0,8.0,0.0,36000.0,32584.0,3416.0,4.9,ศูนย์ CAAS
Operational & Service Excellence by CAAS.xlsx,Service_Excellence_by_CAAS,342,2566,4.0,Short Course,บุคคลทั่วไป,โครงการอบรมผู้สอนภาษาไทยให้ชาวต่างประเทศ,20.0,18.0,18.0,0.0,81000.0,42551.0,38449.0,4.67,ศูนย์ CAAS
Operational & Service Excellence by CAAS.xlsx,Service_Excellence_by_CAAS,343,2566,4.0,Short Course,บุคคลทั่วไป,โครงการอบรมภาษาอังกฤษเพื่อการสอบ IELTS,10.0,7.0,7.0,0.0,29400.0,29358.0,42.0,4.79,ศูนย์ CAAS
Operational & Service Excellence by CAAS.xlsx,Service_Excellence_by_CAAS,344,2566,4.0,การจัดสอบ TOEIC,บุคคลทั่วไป,โครงการบริการจัดสอบ TOEIC,45.0,40.0,40.0,0.0,60200.0,53228.0,6972.0,4.72,ศูนย์ CAAS
Operational & Service Excellence by CAAS.xlsx,Service_Excellence_by_CAAS,345,2566,4.0,Short Course,บุคคลทั่วไป,โครงการอบรมผู้สอนภาษาไทยให้ชาวต่างประเทศ,25.0,22.0,22.0,0.0,99000.0,46228.0,52772.0,6.46,ศูนย์ CAAS
Operational & Service Excellence by CAAS.xlsx,Service_Excellence_by_CAAS,346,2566,2.0,Workshop,บุคคลทั่วไป,โครงการฝึกอบรมวิชามัคคุเทศก์ทั่วไป,40.0,40.0,40.0,0.0,1683500.0,1423136.12,260363.88,4.28,ศูนย์ CAAS
Operational & Service Excellence by CAAS.xlsx,Service_Excellence_by_CAAS,347,2565,1.0,Short Course,บุคคลทั่วไป,โครงการอบรมผู้สอนภาษาไทยให้ชาวต่างประเทศ,25.0,21.0,21.0,0.0,94500.0,45177.0,49323.0,4.4,ศูนย์ CAAS
Operational & Service Excellence by CAAS.xlsx,Service_Excellence_by_CAAS,348,2565,2.0,Short Course,บุคคลทั่วไป,โครงการอบรมผู้สอนภาษาไทยให้ชาวต่างประเทศ,25.0,22.0,22.0,0.0,99000.0,46268.0,52732.0,4.54,ศูนย์ CAAS
Operational & Service Excellence by CAAS.xlsx,Service_Excellence_by_CAAS,349,2565,2.0,Short Course,บุคคลทั่วไป,โครงการอบรมภาษาอังกฤษเพื่อการสอบ IELTS,15.0,14.0,14.0,0.0,58800.0,54297.0,4503.0,4.81,ศูนย์ CAAS
Operational & Service Excellence by CAAS.xlsx,Service_Excellence_by_CAAS,350,2565,2.0,การจัดสอบ TOEIC,บุคคลทั่วไป,โครงการอบรมภาษาอังกฤษเพื่อการสอบ TOEIC,15.0,8.0,8.0,0.0,28000.0,27992.0,8.0,4.7,ศูนย์ CAAS
Operational & Service Excellence by CAAS.xlsx,Service_Excellence_by_CAAS,351,2565,2.0,Short Course,บุคคลทั่วไป,โครงการอบรมผู้สอนภาษาไทยให้ชาวต่างประเทศ,25.0,20.0,20.0,0.0,90000.0,44640.0,45360.0,4.63,ศูนย์ CAAS
Operational & Service Excellence by CAAS.xlsx,Service_Excellence_by_CAAS,352,2565,2.0,การจัดสอบ TOEIC,บุคคลทั่วไป,โครงการบริการจัดสอบ TOEIC,35.0,31.0,31.0,0.0,45600.0,44937.0,663.0,3.96,ศูนย์ CAAS
Operational & Service Excellence by CAAS.xlsx,Service_Excellence_by_CAAS,353,2565,3.0,Short Course,บุคคลทั่วไป,โครงการอบรมภาษาอังกฤษเพื่อการสอบ IELTS,20.0,20.0,20.0,0.0,84000.0,62100.0,21900.0,4.69,ศูนย์ CAAS
Operational & Service Excellence by CAAS.xlsx,Service_Excellence_by_CAAS,354,2565,3.0,Short Course,บุคคลทั่วไป,โครงการอบรมผู้สอนภาษาไทยให้ชาวต่างประเทศ,25.0,20.0,20.0,0.0,90000.0,44440.0,45560.0,4.73,ศูนย์ CAAS
Operational & Service Excellence by CAAS.xlsx,Service_Excellence_by_CAAS,355,2565,3.0,การจัดสอบ TOEIC,บุคคลทั่วไป,โครงการบริการจัดสอบ TOEIC,50.0,40.0,40.0,0.0,59100.0,56435.0,2665.0,4.37,ศูนย์ CAAS
Operational & Service Excellence by CAAS.xlsx,Service_Excellence_by_CAAS,356,2565,3.0,การจัดสอบ TOEIC,บุคคลทั่วไป,โครงการบริการจัดสอบ TOEIC,50.0,37.0,37.0,0.0,55300.0,52070.0,3230.0,4.7,ศูนย์ CAAS
Operational & Service Excellence by CAAS.xlsx,Service_Excellence_by_CAAS,357,2565,4.0,Short Course,บุคคลทั่วไป,โครงการอบรมผู้สอนภาษาไทยให้ชาวต่างประเทศ,25.0,22.0,22.0,0.0,99000.0,46126.0,52874.0,4.64,ศูนย์ CAAS
Operational & Service Excellence by CAAS.xlsx,Service_Excellence_by_CAAS,358,2565,4.0,การจัดสอบ TOEIC,บุคคลทั่วไป,โครงการบริการจัดสอบ TOEIC,50.0,56.0,56.0,0.0,79000.0,74215.0,4785.0,4.68,ศูนย์ CAAS
Operational & Service Excellence by CAAS.xlsx,Service_Excellence_by_CAAS,359,2565,4.0,การจัดสอบ TOEIC,บุคคลทั่วไป,โครงการบริการจัดสอบ TOEIC,50.0,39.0,39.0,0.0,55900.0,48770.0,7130.0,4.55,ศูนย์ CAAS
Operational & Service Excellence by CAAS.xlsx,Service_Excellence_by_CAAS,360,2565,4.0,Short Course,บุคคลทั่วไป,โครงการอบรมภาษาอังกฤษเพื่อการสอบ IELTS,15.0,14.0,14.0,0.0,58800.0,57704.0,1096.0,4.57,ศูนย์ CAAS
Operational & Service Excellence by CAAS.xlsx,Service_Excellence_by_CAAS,361,2565,4.0,Short Course,บุคคลทั่วไป,โครงการอบรมภาษาอังกฤษเพื่อการสอบ TOEIC,15.0,13.0,13.0,0.0,45500.0,42205.0,3295.0,4.46,ศูนย์ CAAS
Operational & Service Excellence by CAAS.xlsx,Service_Excellence_by_CAAS,362,2565,4.0,Short Course,บุคคลทั่วไป,โครงการอบรมผู้สอนภาษาไทยให้ชาวต่างประเทศ,25.0,20.0,20.0,0.0,90000.0,44427.0,45573.0,4.74,ศูนย์ CAAS
Operational & Service Excellence by CAAS.xlsx,Service_Excellence_by_CAAS,363,2565,4.0,การจัดสอบ TOEIC,บุคคลทั่วไป,โครงการบริการจัดสอบ TOEIC,50.0,45.0,45.0,0.0,67350.0,58312.5,9037.5,4.74,ศูนย์ CAAS
Operational & Service Excellence by CAAS.xlsx,Service_Excellence_by_CAAS,364,2564,1.0,การจัดสอบ TOEIC,บุคคลทั่วไป,โครงการบริการจัดสอบ TOEIC,125.0,118.0,118.0,0.0,133600.0,123495.0,10105.0,4.47,ศูนย์ CAAS
Operational & Service Excellence by CAAS.xlsx,Service_Excellence_by_CAAS,365,2564,2.0,Short Course,บุคคลทั่วไป,โครงการอบรมผู้สอนภาษาไทยให้ชาวต่างประเทศ,20.0,14.0,14.0,0.0,70000.0,42020.55,27979.45,4.66,ศูนย์ CAAS
Operational & Service Excellence by CAAS.xlsx,Service_Excellence_by_CAAS,366,2564,2.0,การจัดสอบ TOEIC,บุคคลทั่วไป,โครงการบริการจัดสอบ TOEIC,55.0,51.0,51.0,0.0,72600.0,67992.0,4608.0,4.53,ศูนย์ CAAS
Operational & Service Excellence by CAAS.xlsx,Service_Excellence_by_CAAS,367,2564,3.0,Short Course,บุคคลทั่วไป,โครงการอบรมผู้สอนภาษาไทยให้ชาวต่างประเทศ,20.0,13.0,13.0,0.0,45500.0,35265.15,10234.85,4.62,ศูนย์ CAAS
Operational & Service Excellence by CAAS.xlsx,Service_Excellence_by_CAAS,368,2564,3.0,Short Course,บุคคลทั่วไป,โครงการอบรมภาษาอังกฤษเพื่อการสอบ TOEIC,15.0,10.0,10.0,0.0,30000.0,29990.34,9.66,4.68,ศูนย์ CAAS
Operational & Service Excellence by CAAS.xlsx,Service_Excellence_by_CAAS,369,2564,3.0,Short Course,บุคคลทั่วไป,โครงการอบรมผู้สอนภาษาไทยให้ชาวต่างประเทศ,25.0,23.0,23.0,0.0,80500.0,46048.0,34452.0,4.72,ศูนย์ CAAS
Operational & Service Excellence by CAAS.xlsx,Service_Excellence_by_CAAS,370,2564,4.0,Short Course,บุคคลทั่วไป,โครงการอบรมผู้สอนภาษาไทยให้ชาวต่างประเทศ,25.0,24.0,24.0,0.0,84000.0,43333.0,40667.0,4.81,ศูนย์ CAAS
Operational & Service Excellence by CAAS.xlsx,Service_Excellence_by_CAAS,371,2564,4.0,Short Course,บุคคลทั่วไป,โครงการอบรมผู้สอนภาษาไทยให้ชาวต่างประเทศ,25.0,22.0,22.0,0.0,77000.0,41416.0,35584.0,4.83,ศูนย์ CAAS
Operational & Service Excellence by CAAS.xlsx,Service_Excellence_by_CAAS,377,2566,4.0,การจัดสอบ MU-ELT,หน่วยงานรัฐ,โครงการเครือข่ายความร่วมมือศูนย์สอบ MU-ELT (โรงเรียนสวนกุหลาบวิทยาลัย นนทบุรี),0.0,39.0,39.0,25.0,17310.0,7357.5,9952.5,4.55,ศูนย์ CAAS
Operational & Service Excellence by CAAS.xlsx,Service_Excellence_by_CAAS,378,2565,ไม่ระบุ,การจัดสอบ MU-ELT,บุคคลทั่วไป,โครงการ Mahidol University English Language Test: Computer-based Examination (MU-ELT: CBE) รอบสอบเดือนพฤศจิกายน 2564 (5/2564-9/2564),629.0,432.0,393.0,271.0,160440.0,33770.0,150736.0,0.0,ศูนย์ CAAS
Operational & Service Excellence by CAAS.xlsx,Service_Excellence_by_CAAS,379,2565,ไม่ระบุ,การจัดสอบ MU-ELT,บุคคลทั่วไป,โครงการ Mahidol University English Language Test: Computer-based Examination (MU-ELT: CBE) รอบสอบเดือนธันวาคม 2564 (10/2564 - 19/2564),781.0,552.0,520.0,208.0,206130.0,41188.5,195861.0,0.0,ศูนย์ CAAS
Operational & Service Excellence by CAAS.xlsx,Service_Excellence_by_CAAS,380,2565,ไม่ระบุ,การจัดสอบ MU-ELT,บุคคลทั่วไป,โครงการ Mahidol University English Language Test: Computer-based Examination (MU-ELT: CBE) รอบสอบเดือนกุมภาพันธ์  2565 (1/2565-13/2565),867.0,431.0,385.0,179.0,159450.0,29757.5,153610.0,0.0,ศูนย์ CAAS
Operational & Service Excellence by CAAS.xlsx,Service_Excellence_by_CAAS,381,2565,ไม่ระบุ,การจัดสอบ MU-ELT,บุคคลทั่วไป,โครงการ Mahidol University English Language Test: Computer-based Examination (MU-ELT: CBE) รอบสอบเดือนมีนาคม 2565 (14/2565-19/2565),542.0,405.0,370.0,146.0,151530.0,28273.5,145986.0,0.0,ศูนย์ CAAS
Operational & Service Excellence by CAAS.xlsx,Service_Excellence_by_CAAS,382,2565,ไม่ระบุ,การจัดสอบ MU-ELT,บุคคลทั่วไป,โครงการ Mahidol University English Language Test: Computer-based Examination (MU-ELT: CBE) รอบสอบเดือนเมษายน 2565 (20/2565-23/2565),464.0,224.0,197.0,77.0,82180.0,14547.0,79960.0,0.0,ศูนย์ CAAS
Operational & Service Excellence by CAAS.xlsx,Service_Excellence_by_CAAS,383,2565,ไม่ระบุ,การจัดสอบ MU-ELT,บุคคลทั่วไป,โครงการ Mahidol University English Language Test: Computer-based Examination (MU-ELT: CBE) รอบสอบเดือนพฤษภาคม 2565 (24/2565-26/2565),371.0,192.0,177.0,74.0,70850.0,13247.5,68230.0,0.0,ศูนย์ CAAS
Operational & Service Excellence by CAAS.xlsx,Service_Excellence_by_CAAS,384,2565,ไม่ระบุ,การจัดสอบ MU-ELT,บุคคลทั่วไป,โครงการ Mahidol University English Language Test: Internet-based Examination (MU-ELT: IBE) สำหรับนักศึกษารหัส 65 (1/2565-3/2565),4000.0,1550.0,1428.0,538.0,542500.0,171575.5,452299.5,0.0,ศูนย์ CAAS
Operational & Service Excellence by CAAS.xlsx,Service_Excellence_by_CAAS,385,2565,ไม่ระบุ,การจัดสอบ MU-ELT,บุคคลทั่วไป,โครงการ Mahidol University English Language Test: Computer-based Examination (MU-ELT: CBE) สำหรับนักศึกษารหัส 65 (27/2565-36/2565),2162.0,776.0,744.0,184.0,541450.0,198786.5,423881.0,0.0,ศูนย์ CAAS
Operational & Service Excellence by CAAS.xlsx,Service_Excellence_by_CAAS,386,2565,ไม่ระบุ,การจัดสอบ MU-ELT,บุคคลทั่วไป,โครงการ Mahidol University English Language Test: Paper -based Examination (MU-ELT: PBE) สำหรับนักศึกษารหัส 65,750.0,724.0,593.0,93.0,243200.0,99100.47,180579.53,0.0,ศูนย์ CAAS
Operational & Service Excellence by CAAS.xlsx,Service_Excellence_by_CAAS,387,2565,ไม่ระบุ,การจัดสอบ MU-ELT,บุคคลทั่วไป,โครงการ Mahidol University English Language Test: Paper -based Examination (MU-ELT: PBE) รอบ 3/2565,1700.0,1004.0,941.0,263.0,402770.0,179766.36,283419.14,0.0,ศูนย์ CAAS
Operational & Service Excellence by CAAS.xlsx,Service_Excellence_by_CAAS,388,2566,ไม่ระบุ,การจัดสอบ MU-ELT,บุคคลทั่วไป,Mahidol University English Language Test: Computer-based Examination (MU-ELT: CBE),308.0,303.0,289.0,93.0,110500.0,37719.0,89356.0,0.0,ศูนย์ CAAS
Operational & Service Excellence by CAAS.xlsx,Service_Excellence_by_CAAS,389,2566,ไม่ระบุ,การจัดสอบ MU-ELT,บุคคลทั่วไป,Mahidol University English Language Test: Paper-based Examination (MU-ELT: PBE),1955.0,686.0,628.0,202.0,279990.0,75862.77,246125.73,0.0,ศูนย์ CAAS
Operational & Service Excellence by CAAS.xlsx,Service_Excellence_by_CAAS,390,2566,ไม่ระบุ,การจัดสอบ MU-ELT,บุคคลทั่วไป,Mahidol University English Language Test: Paper-based Examination (MU-ELT: PBE),1300.0,969.0,905.0,310.0,394760.0,191579.32,262394.68,0.0,ศูนย์ CAAS
Operational & Service Excellence by CAAS.xlsx,Service_Excellence_by_CAAS,391,2566,ไม่ระบุ,การจัดสอบ MU-ELT,บุคคลทั่วไป,Mahidol University English Language Test: Paper-based Examination (MU-ELT: PBE),1300.0,599.0,531.0,162.0,252320.0,74841.11,215326.89,0.0,ศูนย์ CAAS
Operational & Service Excellence by CAAS.xlsx,Service_Excellence_by_CAAS,392,2566,ไม่ระบุ,การจัดสอบ MU-ELT,บุคคลทั่วไป,Mahidol University English Language Test: Health Care Professionals (MU-ELT: HCP),120.0,106.0,103.0,23.0,0.0,7020.0,0.0,0.0,ศูนย์ CAAS
Operational & Service Excellence by CAAS.xlsx,Service_Excellence_by_CAAS,393,2566,ไม่ระบุ,การจัดสอบ MU-ELT,บุคคลทั่วไป,โครงการ Mahidol University English Language Test: Computer-based Examination (MU-ELT: CBE),464.0,412.0,388.0,98.0,150840.0,49014.0,124452.0,0.0,ศูนย์ CAAS
Operational & Service Excellence by CAAS.xlsx,Service_Excellence_by_CAAS,394,2566,ไม่ระบุ,การจัดสอบ MU-ELT,บุคคลทั่วไป,Mahidol University English Language Test: Paper-based Examination (MU-ELT: PBE),1300.0,755.0,676.0,298.0,314390.0,121471.08,240077.42,0.0,ศูนย์ CAAS
Operational & Service Excellence by CAAS.xlsx,Service_Excellence_by_CAAS,395,2566,ไม่ระบุ,การจัดสอบ MU-ELT,บุคคลทั่วไป,โครงการจัดสอบภาษาอังกฤษมหาวิทยาลัยมหิดล Mahidol University English Language Test สำหรับการแบ่งกลุ่มเรียนวิชาภาษาอังกฤษพื้นฐาน (รหัส 66),2500.0,3671.0,3545.0,1049.0,1459250.0,504910.0,1173227.5,0.0,ศูนย์ CAAS
Operational & Service Excellence by CAAS.xlsx,Service_Excellence_by_CAAS,411,2565,1.0,In-house Training,หน่วยงานรัฐ,หลักสูตรอบรมเชิงปฏิบัติการพัฒนามัคคุเทศก์ของคณะวิทยาศาสตร์ (MUSC navigator),10.0,12.0,12.0,0.0,43000.0,29450.0,20000.0,4.66,ศูนย์ CAAS
Operational & Service Excellence by CAAS.xlsx,Service_Excellence_by_CAAS,412,2565,2.0,In-house Training,หน่วยงานรัฐ,หลักสูตรอบรมภาษาอังกฤษเพื่อการสื่อสารและการทำงานสำหรับบุคลากรกองกายภาพและสิ่งแวดล้อม มหาวิทยาลัยมหิดล,29.0,29.0,29.0,0.0,47000.0,40550.0,13500.0,4.78,ศูนย์ CAAS
Operational & Service Excellence by CAAS.xlsx,Service_Excellence_by_CAAS,413,2565,2.0,In-house Training,หน่วยงานรัฐ,หลักสูตรอบรม Business English for Security Staff สำหรับบุคลากรกองกายภาพและสิ่งแวดล้อม มหาวิทยาลัยมหิดล,15.0,23.0,23.0,0.0,42000.0,35800.0,12500.0,4.6,ศูนย์ CAAS
Operational & Service Excellence by CAAS.xlsx,Service_Excellence_by_CAAS,414,2565,2.0,In-house Training,หน่วยงานรัฐ,หลักสูตรอบรมภาษาอังกฤษเพื่อการสอบ TOEFL สำหรับนักศึกษาปริญญาโท วิทยาลัยการจัดการ มหาวิทยาลัยมหิดล ครั้งที่ 1/2565 (จำนวน 30 ชั่วโมง),70.0,58.0,58.0,0.0,120000.0,105497.46,32502.54,4.52,ศูนย์ CAAS
Operational & Service Excellence by CAAS.xlsx,Service_Excellence_by_CAAS,415,2565,3.0,In-house Training,หน่วยงานรัฐ,หลักสูตรอบรมภาษาอังกฤษเพื่อการสอบ TOEFL สำหรับนักศึกษาปริญญาโท วิทยาลัยการจัดการ มหาวิทยาลัยมหิดล ครั้งที่ 1/2565  (45 ชั่วโมง),30.0,27.0,27.0,0.0,79000.0,69926.0,20924.0,4.6,ศูนย์ CAAS
Operational & Service Excellence by CAAS.xlsx,Service_Excellence_by_CAAS,416,2565,3.0,In-house Training,หน่วยงานรัฐ,หลักสูตร Business English Class level 2 สำหรับบุคลากรสายสนับสนุนโรงเรียนพยาบาลรามาธิบดี มหาวิทยาลัยมหิดล,35.0,35.0,35.0,0.0,37000.0,30098.0,12452.0,4.55,ศูนย์ CAAS
Operational & Service Excellence by CAAS.xlsx,Service_Excellence_by_CAAS,417,2565,3.0,In-house Training,หน่วยงานเอกชน,หลักสูตร Intensive Thai Course บริษัท Allianz,60.0,58.0,58.0,0.0,72000.0,56900.0,29500.0,4.52,ศูนย์ CAAS
Operational & Service Excellence by CAAS.xlsx,Service_Excellence_by_CAAS,418,2565,3.0,In-house Training,หน่วยงานรัฐ,หลักสูตรอบรมภาษาอังกฤษเพื่อการสอบ TOEIC กองกิจการนักศึกษา ม.มหิดล,30.0,30.0,30.0,0.0,55000.0,50175.0,13075.0,4.44,ศูนย์ CAAS
Operational & Service Excellence by CAAS.xlsx,Service_Excellence_by_CAAS,419,2565,3.0,In-house Training,หน่วยงานรัฐ,หลักสูตรอบรมภาษาอังกฤษเพื่อการสอบ TOEFL สำหรับนักศึกษาปริญญาโท วิทยาลัยการจัดการ มหาวิทยาลัยมหิดล ครั้งที่ 2/2565 (จำนวน 30 ชั่วโมง),70.0,78.0,78.0,0.0,120000.0,107762.86,30237.14,4.56,ศูนย์ CAAS
Operational & Service Excellence by CAAS.xlsx,Service_Excellence_by_CAAS,420,2565,4.0,In-house Training,หน่วยงานรัฐ,หลักสูตรอบรมภาษาอังกฤษเพื่อการสอบ TOEFL สำหรับนักศึกษาปริญญาโท วิทยาลัยการจัดการ มหาวิทยาลัยมหิดล ครั้งที่ 3/2565 (จำนวน 30 ชั่วโมง),97.0,97.0,97.0,0.0,180000.0,152557.92,54442.08,4.65,ศูนย์ CAAS
Operational & Service Excellence by CAAS.xlsx,Service_Excellence_by_CAAS,421,2565,4.0,In-house Training,หน่วยงานรัฐ,หลักสูตรอบรมภาษาอังกฤษเพื่อการสอบ TOEFL สำหรับนักศึกษาปริญญาโท วิทยาลัยการจัดการ มหาวิทยาลัยมหิดล ครั้งที่ 2/2565 (จำนวน 45 ชั่วโมง),30.0,26.0,26.0,0.0,79000.0,68839.86,22010.14,4.52,ศูนย์ CAAS
Operational & Service Excellence by CAAS.xlsx,Service_Excellence_by_CAAS,422,2565,4.0,In-house Training,หน่วยงานรัฐ,หลักสูตรอบรมภาษาญี่ปุ่นเพื่อการสื่อสารสำหรับนักศึกษาโรงเรียนพยาบาลรามาธิบดี คณะแพทยศาสตร์โรงพยาบาลรามาธิบดี มหาวิทยาลัยมหิดล,30.0,30.0,30.0,0.0,45000.0,28750.0,23000.0,4.68,ศูนย์ CAAS
Operational & Service Excellence by CAAS.xlsx,Service_Excellence_by_CAAS,423,2565,4.0,In-house Training,หน่วยงานรัฐ,หลักสูตรอบรมภาษาจีนเพื่อการสื่อสารสำหรับนักศึกษาโรงเรียนพยาบาลรามาธิบดี คณะแพทยศาสตร์โรงพยาบาลรามาธิบดี มหาวิทยาลัยมหิดล,30.0,30.0,30.0,0.0,45000.0,28750.0,23000.0,4.66,ศูนย์ CAAS
Operational & Service Excellence by CAAS.xlsx,Service_Excellence_by_CAAS,424,2565,4.0,In-house Training,หน่วยงานรัฐ,หลักสูตรอบรมภาษาเกาหลีเพื่อการสื่อสารสำหรับนักศึกษาโรงเรียนพยาบาลรามาธิบดี คณะแพทยศาสตร์โรงพยาบาลรามาธิบดี มหาวิทยาลัยมหิดล,30.0,30.0,30.0,0.0,45000.0,26750.0,25000.0,4.65,ศูนย์ CAAS
Operational & Service Excellence by CAAS.xlsx,Service_Excellence_by_CAAS,425,2565,4.0,In-house Training,หน่วยงานรัฐ,หลักสูตรอบรมภาษาอังกฤษเพื่อการสอบ TOEFL สำหรับนักศึกษาปริญญาโท วิทยาลัยการจัดการ มหาวิทยาลัยมหิดล ครั้งที่ 4/2565 (จำนวน 30 ชั่วโมง),102.0,98.0,98.0,0.0,180000.0,155048.8,51951.2,4.52,ศูนย์ CAAS
Operational & Service Excellence by CAAS.xlsx,Service_Excellence_by_CAAS,426,2565,4.0,In-house Training,หน่วยงานรัฐ,หลักสูตรพัฒนาการสื่อสารภาษาอังกฤษอย่างมีประสิทธิภาพ (Effective English Communication skills Development) รุ่นที่ 1: Level 3,21.0,20.0,20.0,0.0,47000.0,40017.35,14032.65,4.52,ศูนย์ CAAS
Operational & Service Excellence by CAAS.xlsx,Service_Excellence_by_CAAS,427,2565,4.0,In-house Training,หน่วยงานรัฐ,หลักสูตรอบรมภาษาอังกฤษเพื่อการสอบ IELTS สำหรับบุคลากรโรงเรียนพยาบาลรามาธิบดี มหาวิทยาลัยมหิดล,15.0,17.0,17.0,0.0,68000.0,61200.0,17000.0,4.78,ศูนย์ CAAS
Operational & Service Excellence by CAAS.xlsx,Service_Excellence_by_CAAS,428,2566,1.0,In-house Training,หน่วยงานรัฐ,"หลักสูตรพัฒนาการสื่อสารภาษาอังกฤษอย่างมีประสิทธิภาพ (Effective English Communication skills Development) 
รุ่นที่ 1: Level 2A Business English 2",22.0,22.0,22.0,0.0,47000.0,40036.2,14013.8,4.48,ศูนย์ CAAS
Operational & Service Excellence by CAAS.xlsx,Service_Excellence_by_CAAS,429,2566,1.0,In-house Training,หน่วยงานรัฐ,Intensive English Course for Thai Program 1/2566 วิทยาลัยการจัดการ มหาวิทยาลัยมหิดล,150.0,119.0,119.0,0.0,225000.0,144565.0,114185.0,4.85,ศูนย์ CAAS
Operational & Service Excellence by CAAS.xlsx,Service_Excellence_by_CAAS,430,2566,1.0,In-house Training,หน่วยงานรัฐ,"หลักสูตรพัฒนาการสื่อสารภาษาอังกฤษอย่างมีประสิทธิภาพ (Effective English Communication skills Development) 
รุ่นที่ 1: Level 2B Business English 2",22.0,22.0,22.0,0.0,47000.0,35050.0,19000.0,4.42,ศูนย์ CAAS
Operational & Service Excellence by CAAS.xlsx,Service_Excellence_by_CAAS,431,2566,1.0,In-house Training,หน่วยงานรัฐ,Intensive English Course for international Program 1/2566 วิทยาลัยการจัดการ มหาวิทยาลัยมหิดล,50.0,31.0,31.0,0.0,150000.0,91370.0,81130.0,4.77,ศูนย์ CAAS
Operational & Service Excellence by CAAS.xlsx,Service_Excellence_by_CAAS,432,2566,2.0,In-house Training,หน่วยงานรัฐ,"หลักสูตรพัฒนาการสื่อสารภาษาอังกฤษอย่างมีประสิทธิภาพ (Effective English Communication skills Development) 
รุ่นที่ 1: Level 2A Business English 3",22.0,22.0,22.0,0.0,47000.0,40423.0,13627.0,4.58,ศูนย์ CAAS
Operational & Service Excellence by CAAS.xlsx,Service_Excellence_by_CAAS,433,2566,2.0,In-house Training,หน่วยงานรัฐ,Intensive English Course for Thai Program 2/2566 วิทยาลัยการจัดการ มหาวิทยาลัยมหิดล,150.0,113.0,113.0,0.0,225000.0,142255.0,116495.0,4.81,ศูนย์ CAAS
Operational & Service Excellence by CAAS.xlsx,Service_Excellence_by_CAAS,434,2566,2.0,In-house Training,หน่วยงานรัฐ,"หลักสูตรพัฒนาการสื่อสารภาษาอังกฤษอย่างมีประสิทธิภาพ (Effective English Communication skills Development) 
รุ่นที่ 1: Level 2B Business English 3",22.0,22.0,22.0,0.0,47000.0,39863.0,14187.0,4.44,ศูนย์ CAAS
Operational & Service Excellence by CAAS.xlsx,Service_Excellence_by_CAAS,435,2566,2.0,In-house Training,หน่วยงานรัฐ,Intensive English Course สำหรับนักศึกษาวิทยาลัยการจัดการ มหาวิทยาลัยมหิดล 3/2566,250.0,150.0,150.0,0.0,375000.0,232245.0,199005.0,4.76,ศูนย์ CAAS
Operational & Service Excellence by CAAS.xlsx,Service_Excellence_by_CAAS,436,2566,2.0,In-house Training,หน่วยงานรัฐ,"หลักสูตรพัฒนาการสื่อสารภาษาอังกฤษอย่างมีประสิทธิภาพ (Effective English Communication skills Development) 
รุ่นที่ 1: Level 1 Business English 1-3",16.0,16.0,16.0,0.0,136000.0,115797.0,40603.0,4.5,ศูนย์ CAAS
Operational & Service Excellence by CAAS.xlsx,Service_Excellence_by_CAAS,437,2566,3.0,In-house Training,หน่วยงานรัฐ,หลักสูตรอบรมภาษาอังกฤษเพื่อการสอบ TOEIC สำหรับบุคลากรคณะเวชศาสตร์เขตร้อน มหาวิทยาลัยมหิดล,30.0,30.0,30.0,0.0,55000.0,49250.0,14000.0,4.33,ศูนย์ CAAS
Operational & Service Excellence by CAAS.xlsx,Service_Excellence_by_CAAS,438,2566,3.0,In-house Training,หน่วยงานรัฐ,Intensive English Course สำหรับนักศึกษาวิทยาลัยการจัดการ มหาวิทยาลัยมหิดล 4/2566,50.0,23.0,23.0,0.0,75000.0,53500.0,32750.0,4.78,ศูนย์ CAAS
Operational & Service Excellence by CAAS.xlsx,Service_Excellence_by_CAAS,439,2566,3.0,In-house Training,หน่วยงานรัฐ,หลักสูตรอบรมภาษาไทยเพื่อการสื่อสารสำหรับบุคลากรและนักศึกษาชาวต่างประเทศ,100.0,74.0,74.0,0.0,235000.0,167913.2,102336.8,4.73,ศูนย์ CAAS
Operational & Service Excellence by CAAS.xlsx,Service_Excellence_by_CAAS,440,2566,3.0,In-house Training,หน่วยงานรัฐ,Intensive English Course สำหรับนักศึกษาวิทยาลัยการจัดการ มหาวิทยาลัยมหิดล 5/2566,50.0,43.0,43.0,0.0,75000.0,53500.0,32750.0,4.8,ศูนย์ CAAS
Operational & Service Excellence by CAAS.xlsx,Service_Excellence_by_CAAS,441,2566,4.0,In-house Training,หน่วยงานรัฐ,หลักสูตรอบรมภาษาอังกฤษเพื่อการสอบ MU-ELT for Health Care Professionals ครั้งที่ 1/2566,120.0,109.0,109.0,0.0,76300.0,40135.0,47610.0,4.53,ศูนย์ CAAS
Operational & Service Excellence by CAAS.xlsx,Service_Excellence_by_CAAS,442,2566,4.0,In-house Training,หน่วยงานรัฐ,Intensive English Course: Pre-course  สำหรับนักศึกษาวิทยาลัยการจัดการ มหาวิทยาลัยมหิดล,150.0,125.0,125.0,0.0,300000.0,178125.0,166875.0,4.63,ศูนย์ CAAS
Operational & Service Excellence by CAAS.xlsx,Service_Excellence_by_CAAS,484,2563,ไม่ระบุ,บริการวิชาการแบบไม่มีรายได้,ไม่ระบุ,เสวนาด้านการแปลและการล่าม TIC Forum,0.0,202.0,70.0,0.0,0.0,0.0,0.0,4.44,ศูนย์การแปล
Operational & Service Excellence by CAAS.xlsx,Service_Excellence_by_CAAS,485,2563,ไม่ระบุ,บริการวิชาการแบบไม่มีรายได้,ไม่ระบุ,พัฒนาศักยภาพบุคลากรและผู้สนใจด้านการใช้เทคโนโลยีเพื่อช่วยงานแปล/งานล่าม,0.0,38.0,30.0,0.0,0.0,0.0,0.0,4.42,ศูนย์การแปล
Operational & Service Excellence by CAAS.xlsx,Service_Excellence_by_CAAS,486,2564,ไม่ระบุ,บริการวิชาการแบบไม่มีรายได้,ไม่ระบุ,เสวนาด้านการแปลและการล่าม TIC Forum,0.0,350.0,105.0,0.0,0.0,3000.0,0.0,4.62,ศูนย์การแปล
Operational & Service Excellence by CAAS.xlsx,Service_Excellence_by_CAAS,487,2564,ไม่ระบุ,บริการวิชาการแบบไม่มีรายได้,ไม่ระบุ,พัฒนาศักยภาพบุคลากรและผู้สนใจด้านการใช้เทคโนโลยีเพื่อช่วยงานแปล/งานล่าม,0.0,154.0,60.0,0.0,0.0,6000.0,0.0,4.68,ศูนย์การแปล
Operational & Service Excellence by CAAS.xlsx,Service_Excellence_by_CAAS,488,2565,ไม่ระบุ,บริการวิชาการแบบไม่มีรายได้,ไม่ระบุ,เสวนาด้านการแปลและการล่าม TIC Forum,0.0,157.0,75.0,0.0,0.0,7437.0,0.0,4.61,ศูนย์การแปล
Operational & Service Excellence by CAAS.xlsx,Service_Excellence_by_CAAS,489,2565,ไม่ระบุ,บริการวิชาการแบบไม่มีรายได้,ไม่ระบุ,พัฒนาศักยภาพบุคลากรและผู้สนใจด้านการใช้เทคโนโลยีเพื่อช่วยงานแปล/งานล่าม,0.0,138.0,60.0,0.0,0.0,4200.0,0.0,4.54,ศูนย์การแปล
Operational & Service Excellence by CAAS.xlsx,Service_Excellence_by_CAAS,490,2565,ไม่ระบุ,บริการวิชาการแบบมีรายได้,ไม่ระบุ,อบรมการแปล,0.0,24.0,25.0,0.0,69600.0,72435.0,0.0,4.55,ศูนย์การแปล
Operational & Service Excellence by CAAS.xlsx,Service_Excellence_by_CAAS,491,2565,ไม่ระบุ,การประเมินสมรรถนะฯ อาชีพนักแปล,ไม่ระบุ,ประเมินสมรรถนะของบุคคลตามมาตรฐานอาชีพ สาขาวิชาชีพธุรกิจหนังสือและสิ่งพิมพ์ อาชีพนักแปล,0.0,18.0,20.0,0.0,33200.0,27602.0,0.0,4.3,ศูนย์การแปล
Operational & Service Excellence by CAAS.xlsx,Service_Excellence_by_CAAS,492,2565,ไม่ระบุ,บริการวิชาการแบบไม่มีรายได้,ไม่ระบุ,ผลิตและเผยแพร่ความรู้จากงานแปลแปลและงานล่าม,0.0,1.0,1.0,0.0,0.0,40075.0,0.0,0.0,ศูนย์การแปล
Operational & Service Excellence by CAAS.xlsx,Service_Excellence_by_CAAS,493,2566,ไม่ระบุ,บริการวิชาการแบบไม่มีรายได้,ไม่ระบุ,เสวนาด้านการแปลและการล่าม TIC Forum,0.0,101.0,52.0,0.0,0.0,9545.0,0.0,4.73,ศูนย์การแปล
Operational & Service Excellence by CAAS.xlsx,Service_Excellence_by_CAAS,494,2566,ไม่ระบุ,บริการวิชาการแบบมีรายได้,ไม่ระบุ,อบรมการแปล,0.0,23.0,20.0,0.0,69000.0,58559.0,0.0,4.55,ศูนย์การแปล
Operational & Service Excellence by CAAS.xlsx,Service_Excellence_by_CAAS,495,2566,ไม่ระบุ,การประเมินสมรรถนะฯ อาชีพนักแปล,ไม่ระบุ,ประเมินสมรรถนะของบุคคลตามมาตรฐานอาชีพ สาขาวิชาชีพธุรกิจหนังสือและสิ่งพิมพ์ อาชีพนักแปล,0.0,23.0,20.0,0.0,33000.0,27385.0,0.0,4.44,ศูนย์การแปล
Operational & Service Excellence by CAAS.xlsx,Service_Excellence_by_CAAS,507,2566,ไม่ระบุ,บริการวิชาการแบบมีรายได้,ไม่ระบุ,การให้บริการงานแปล,0.0,0.0,0.0,0.0,0.0,0.0,0.0,4.89,ศูนย์การแปล
Operational & Service Excellence by CAAS.xlsx,Service_Excellence_by_CAAS,508,2565,ไม่ระบุ,บริการวิชาการแบบมีรายได้,ไม่ระบุ,การให้บริการงานแปล,0.0,0.0,0.0,0.0,0.0,0.0,0.0,4.72,ศูนย์การแปล
Operational & Service Excellence by CAAS.xlsx,Service_Excellence_by_CAAS,509,2563,ไม่ระบุ,บริการวิชาการแบบมีรายได้,ไม่ระบุ,แบบฟอร์ม จำนวน 59 ฉบับ,0.0,0.0,0.0,0.0,32475.0,0.0,0.0,0.0,ศูนย์การแปล
Operational & Service Excellence by CAAS.xlsx,Service_Excellence_by_CAAS,510,2563,ไม่ระบุ,บริการวิชาการแบบมีรายได้,ไม่ระบุ,ฉลากสินค้าภาษาญี่ปุ่น จำนวน 2 รายการ,0.0,0.0,0.0,0.0,2830.0,0.0,0.0,0.0,ศูนย์การแปล
Operational & Service Excellence by CAAS.xlsx,Service_Excellence_by_CAAS,511,2563,ไม่ระบุ,บริการวิชาการแบบมีรายได้,ไม่ระบุ,Memoranum of Agreement,0.0,0.0,0.0,0.0,20870.0,0.0,0.0,0.0,ศูนย์การแปล
Operational & Service Excellence by CAAS.xlsx,Service_Excellence_by_CAAS,512,2563,ไม่ระบุ,บริการวิชาการแบบมีรายได้,ไม่ระบุ,เอกสารภาษาญี่ปุ่น,0.0,0.0,0.0,0.0,3600.0,0.0,0.0,0.0,ศูนย์การแปล
Operational & Service Excellence by CAAS.xlsx,Service_Excellence_by_CAAS,513,2563,ไม่ระบุ,บริการวิชาการแบบมีรายได้,ไม่ระบุ,น้ำมันปลาฉลาม และน้ำมันตับปลาฉลามน้ำลึก,0.0,0.0,0.0,0.0,3700.0,0.0,0.0,0.0,ศูนย์การแปล
Operational & Service Excellence by CAAS.xlsx,Service_Excellence_by_CAAS,514,2563,ไม่ระบุ,บริการวิชาการแบบมีรายได้,ไม่ระบุ,เอกสารภาษาญี่ปุ่น,0.0,0.0,0.0,0.0,2500.0,0.0,0.0,0.0,ศูนย์การแปล
Operational & Service Excellence by CAAS.xlsx,Service_Excellence_by_CAAS,515,2563,ไม่ระบุ,บริการวิชาการแบบมีรายได้,ไม่ระบุ,"ฉลากสินค้าภาษาเกาหลี แบรนด์ Dear,Klairs จำนวน 6 รายการ",0.0,0.0,0.0,0.0,5500.0,0.0,0.0,0.0,ศูนย์การแปล
Operational & Service Excellence by CAAS.xlsx,Service_Excellence_by_CAAS,516,2563,ไม่ระบุ,บริการวิชาการแบบมีรายได้,ไม่ระบุ,ข้อความในตราประทับภาษาจีน,0.0,0.0,0.0,0.0,630.0,0.0,0.0,0.0,ศูนย์การแปล
Operational & Service Excellence by CAAS.xlsx,Service_Excellence_by_CAAS,517,2563,ไม่ระบุ,บริการวิชาการแบบมีรายได้,ไม่ระบุ,ฉลากสินค้าภาษาเกาหลี 2NK Arency (SOME BY MI) จำตวน 5 ผลิตภัณฑ์,0.0,0.0,0.0,0.0,5500.0,0.0,0.0,0.0,ศูนย์การแปล
Operational & Service Excellence by CAAS.xlsx,Service_Excellence_by_CAAS,518,2563,ไม่ระบุ,บริการวิชาการแบบมีรายได้,ไม่ระบุ,แบบสอบถาม,0.0,0.0,0.0,0.0,1290.0,0.0,0.0,0.0,ศูนย์การแปล
Operational & Service Excellence by CAAS.xlsx,Service_Excellence_by_CAAS,519,2563,ไม่ระบุ,บริการวิชาการแบบมีรายได้,ไม่ระบุ,สูติบัตร,0.0,0.0,0.0,0.0,640.0,0.0,0.0,0.0,ศูนย์การแปล
Operational & Service Excellence by CAAS.xlsx,Service_Excellence_by_CAAS,520,2563,ไม่ระบุ,บริการวิชาการแบบมีรายได้,ไม่ระบุ,ฉลากสินค้าภาษาเกาหลี,0.0,0.0,0.0,0.0,1180.0,0.0,0.0,0.0,ศูนย์การแปล
Operational & Service Excellence by CAAS.xlsx,Service_Excellence_by_CAAS,521,2563,ไม่ระบุ,บริการวิชาการแบบมีรายได้,ไม่ระบุ,เอกสารภาษาอังกฤษ,0.0,0.0,0.0,0.0,77300.0,0.0,0.0,0.0,ศูนย์การแปล
Operational & Service Excellence by CAAS.xlsx,Service_Excellence_by_CAAS,522,2563,ไม่ระบุ,บริการวิชาการแบบมีรายได้,ไม่ระบุ,ข้อความในตราประทับภาษาจีน,0.0,0.0,0.0,0.0,630.0,0.0,0.0,0.0,ศูนย์การแปล
Operational & Service Excellence by CAAS.xlsx,Service_Excellence_by_CAAS,523,2563,ไม่ระบุ,บริการวิชาการแบบมีรายได้,ไม่ระบุ,เอกสารรับรองภาษาญี่ปุ่น,0.0,0.0,0.0,0.0,1730.0,0.0,0.0,0.0,ศูนย์การแปล
Operational & Service Excellence by CAAS.xlsx,Service_Excellence_by_CAAS,524,2563,ไม่ระบุ,บริการวิชาการแบบมีรายได้,ไม่ระบุ,ข้อความภาษาจีน,0.0,0.0,0.0,0.0,740.0,0.0,0.0,0.0,ศูนย์การแปล
Operational & Service Excellence by CAAS.xlsx,Service_Excellence_by_CAAS,525,2563,ไม่ระบุ,บริการวิชาการแบบมีรายได้,ไม่ระบุ,เอกสารภาษาญี่ปุ่น,0.0,0.0,0.0,0.0,96550.0,0.0,0.0,0.0,ศูนย์การแปล
Operational & Service Excellence by CAAS.xlsx,Service_Excellence_by_CAAS,526,2563,ไม่ระบุ,บริการวิชาการแบบมีรายได้,ไม่ระบุ,เอกสารวัดโพธิ์,0.0,0.0,0.0,0.0,199980.0,0.0,0.0,0.0,ศูนย์การแปล
Operational & Service Excellence by CAAS.xlsx,Service_Excellence_by_CAAS,527,2563,ไม่ระบุ,บริการวิชาการแบบมีรายได้,ไม่ระบุ,ข้อความในตราประทับภาษาจีน,0.0,0.0,0.0,0.0,630.0,0.0,0.0,0.0,ศูนย์การแปล
Operational & Service Excellence by CAAS.xlsx,Service_Excellence_by_CAAS,528,2563,ไม่ระบุ,บริการวิชาการแบบมีรายได้,ไม่ระบุ,ฉลากผลิตภัณฑ์ RANGBLACK,0.0,0.0,0.0,0.0,1180.0,0.0,0.0,0.0,ศูนย์การแปล
Operational & Service Excellence by CAAS.xlsx,Service_Excellence_by_CAAS,529,2563,ไม่ระบุ,บริการวิชาการแบบมีรายได้,ไม่ระบุ,ฉลากสินค้าภาษาญี่ปุ่น JAVA CURRY,0.0,0.0,0.0,0.0,1730.0,0.0,0.0,0.0,ศูนย์การแปล
Operational & Service Excellence by CAAS.xlsx,Service_Excellence_by_CAAS,530,2563,ไม่ระบุ,บริการวิชาการแบบมีรายได้,ไม่ระบุ,ข้อความในตราประทับภาษาจีน,0.0,0.0,0.0,0.0,630.0,0.0,0.0,0.0,ศูนย์การแปล
Operational & Service Excellence by CAAS.xlsx,Service_Excellence_by_CAAS,531,2563,ไม่ระบุ,บริการวิชาการแบบมีรายได้,ไม่ระบุ,ข้อความภาษาญี่ปุ่น,0.0,0.0,0.0,0.0,630.0,0.0,0.0,0.0,ศูนย์การแปล
Operational & Service Excellence by CAAS.xlsx,Service_Excellence_by_CAAS,532,2563,ไม่ระบุ,บริการวิชาการแบบมีรายได้,ไม่ระบุ,Braden OD Scale,0.0,0.0,0.0,0.0,1400.0,0.0,0.0,0.0,ศูนย์การแปล
Operational & Service Excellence by CAAS.xlsx,Service_Excellence_by_CAAS,533,2563,ไม่ระบุ,บริการวิชาการแบบมีรายได้,ไม่ระบุ,ฉลากสินค้าภาษาญี่ปุ่น ICE BAG,0.0,0.0,0.0,0.0,1950.0,0.0,0.0,0.0,ศูนย์การแปล
Operational & Service Excellence by CAAS.xlsx,Service_Excellence_by_CAAS,534,2563,ไม่ระบุ,บริการวิชาการแบบมีรายได้,ไม่ระบุ,เอกสาร ISO ภาษาญี่ปุ่น,0.0,0.0,0.0,0.0,2280.0,0.0,0.0,0.0,ศูนย์การแปล
Operational & Service Excellence by CAAS.xlsx,Service_Excellence_by_CAAS,535,2563,ไม่ระบุ,บริการวิชาการแบบมีรายได้,ไม่ระบุ,ข้อความในตราประทับภาษาจีน,0.0,0.0,0.0,0.0,630.0,0.0,0.0,0.0,ศูนย์การแปล
Operational & Service Excellence by CAAS.xlsx,Service_Excellence_by_CAAS,536,2563,ไม่ระบุ,บริการวิชาการแบบมีรายได้,ไม่ระบุ,คำอ่านและคำแปลอักษรจีน,0.0,0.0,0.0,0.0,530.0,0.0,0.0,0.0,ศูนย์การแปล
Operational & Service Excellence by CAAS.xlsx,Service_Excellence_by_CAAS,537,2563,ไม่ระบุ,บริการวิชาการแบบมีรายได้,ไม่ระบุ,ฉลากผลิตภัณฑ์คลอลาเจนภาษาเกาหลี,0.0,0.0,0.0,0.0,2060.0,0.0,0.0,0.0,ศูนย์การแปล
Operational & Service Excellence by CAAS.xlsx,Service_Excellence_by_CAAS,538,2563,ไม่ระบุ,บริการวิชาการแบบมีรายได้,ไม่ระบุ,เอกสารชื่อยาและสรรพคุณ,0.0,0.0,0.0,0.0,970.0,0.0,0.0,0.0,ศูนย์การแปล
Operational & Service Excellence by CAAS.xlsx,Service_Excellence_by_CAAS,539,2563,ไม่ระบุ,บริการวิชาการแบบมีรายได้,ไม่ระบุ,ข้อความในตราประทับภาษาจีน,0.0,0.0,0.0,0.0,630.0,0.0,0.0,0.0,ศูนย์การแปล
Operational & Service Excellence by CAAS.xlsx,Service_Excellence_by_CAAS,540,2563,ไม่ระบุ,บริการวิชาการแบบมีรายได้,ไม่ระบุ,ฉลากสินค้าภาษาญี่ปุ่น (ผ้าอนามัย),0.0,0.0,0.0,0.0,2500.0,0.0,0.0,0.0,ศูนย์การแปล
Operational & Service Excellence by CAAS.xlsx,Service_Excellence_by_CAAS,541,2563,ไม่ระบุ,บริการวิชาการแบบมีรายได้,ไม่ระบุ,ข้อความในตราประทับภาษาจีน,0.0,0.0,0.0,0.0,630.0,0.0,0.0,0.0,ศูนย์การแปล
Operational & Service Excellence by CAAS.xlsx,Service_Excellence_by_CAAS,542,2563,ไม่ระบุ,บริการวิชาการแบบมีรายได้,ไม่ระบุ,PASSPORT และ AFFIFATION OF MARITAL STATUS,0.0,0.0,0.0,0.0,1080.0,0.0,0.0,0.0,ศูนย์การแปล
Operational & Service Excellence by CAAS.xlsx,Service_Excellence_by_CAAS,543,2563,ไม่ระบุ,บริการวิชาการแบบมีรายได้,ไม่ระบุ,ฉลากสินค้าภาษาเกาหลี Rice Noodle แบรนด์ Ivenet,0.0,0.0,0.0,0.0,3140.0,0.0,0.0,0.0,ศูนย์การแปล
Operational & Service Excellence by CAAS.xlsx,Service_Excellence_by_CAAS,544,2563,ไม่ระบุ,บริการวิชาการแบบมีรายได้,ไม่ระบุ,รายละเอียดยา,0.0,0.0,0.0,0.0,695.0,0.0,0.0,0.0,ศูนย์การแปล
Operational & Service Excellence by CAAS.xlsx,Service_Excellence_by_CAAS,545,2563,ไม่ระบุ,บริการวิชาการแบบมีรายได้,ไม่ระบุ,ฉลากสินค้าภาษาญี่ปุ่น,0.0,0.0,0.0,0.0,3270.0,0.0,0.0,0.0,ศูนย์การแปล
Operational & Service Excellence by CAAS.xlsx,Service_Excellence_by_CAAS,546,2563,ไม่ระบุ,บริการวิชาการแบบมีรายได้,ไม่ระบุ,เอกสารชื่อยาและสรรพคุณ,0.0,0.0,0.0,0.0,1740.0,0.0,0.0,0.0,ศูนย์การแปล
Operational & Service Excellence by CAAS.xlsx,Service_Excellence_by_CAAS,547,2563,ไม่ระบุ,บริการวิชาการแบบมีรายได้,ไม่ระบุ,เอกสารภาษาอังกฤษ,0.0,0.0,0.0,0.0,4700.0,0.0,0.0,0.0,ศูนย์การแปล
Operational & Service Excellence by CAAS.xlsx,Service_Excellence_by_CAAS,548,2563,ไม่ระบุ,บริการวิชาการแบบมีรายได้,ไม่ระบุ,เอกสารใบรับรองของโรงงาน 3 บริษัท,0.0,0.0,0.0,0.0,3670.0,0.0,0.0,0.0,ศูนย์การแปล
Operational & Service Excellence by CAAS.xlsx,Service_Excellence_by_CAAS,549,2563,ไม่ระบุ,บริการวิชาการแบบมีรายได้,ไม่ระบุ,ฉลากสินค้าภาษาญี่ปุ่น GLASIKA และ Sparkling Scalp Dr. Pro,0.0,0.0,0.0,0.0,6000.0,0.0,0.0,0.0,ศูนย์การแปล
Operational & Service Excellence by CAAS.xlsx,Service_Excellence_by_CAAS,550,2563,ไม่ระบุ,บริการวิชาการแบบมีรายได้,ไม่ระบุ,เอกสารภาษาญี่ปุ่น Sucrey Yokohama Milk and Dairy products,0.0,0.0,0.0,0.0,1950.0,0.0,0.0,0.0,ศูนย์การแปล
Operational & Service Excellence by CAAS.xlsx,Service_Excellence_by_CAAS,551,2563,ไม่ระบุ,บริการวิชาการแบบมีรายได้,ไม่ระบุ,เอกสาร ISO,0.0,0.0,0.0,0.0,1190.0,0.0,0.0,0.0,ศูนย์การแปล
Operational & Service Excellence by CAAS.xlsx,Service_Excellence_by_CAAS,552,2563,ไม่ระบุ,บริการวิชาการแบบมีรายได้,ไม่ระบุ,เอกสารภาษาฝรั่งเศส,0.0,0.0,0.0,0.0,4370.0,0.0,0.0,0.0,ศูนย์การแปล
Operational & Service Excellence by CAAS.xlsx,Service_Excellence_by_CAAS,553,2563,ไม่ระบุ,บริการวิชาการแบบมีรายได้,ไม่ระบุ,แบบสอบถาม CARE Patient,0.0,0.0,0.0,0.0,6020.0,0.0,0.0,0.0,ศูนย์การแปล
Operational & Service Excellence by CAAS.xlsx,Service_Excellence_by_CAAS,554,2563,ไม่ระบุ,บริการวิชาการแบบมีรายได้,ไม่ระบุ,เอกสารภาษาจีน,0.0,0.0,0.0,0.0,1180.0,0.0,0.0,0.0,ศูนย์การแปล
Operational & Service Excellence by CAAS.xlsx,Service_Excellence_by_CAAS,555,2563,ไม่ระบุ,บริการวิชาการแบบมีรายได้,ไม่ระบุ,ข้อความในตราประทับภาษาจีน,0.0,0.0,0.0,0.0,530.0,0.0,0.0,0.0,ศูนย์การแปล
Operational & Service Excellence by CAAS.xlsx,Service_Excellence_by_CAAS,556,2563,ไม่ระบุ,บริการวิชาการแบบมีรายได้,ไม่ระบุ,นโยบายคุ้มครองข้อมูลส่วนบุคคลของ สวทช.,0.0,0.0,0.0,0.0,9540.0,0.0,0.0,0.0,ศูนย์การแปล
Operational & Service Excellence by CAAS.xlsx,Service_Excellence_by_CAAS,557,2563,ไม่ระบุ,บริการวิชาการแบบมีรายได้,ไม่ระบุ,เครืองวัดอุณหภูมิ รุ่น KI-8280,0.0,0.0,0.0,0.0,1730.0,0.0,0.0,0.0,ศูนย์การแปล
Operational & Service Excellence by CAAS.xlsx,Service_Excellence_by_CAAS,558,2563,ไม่ระบุ,บริการวิชาการแบบมีรายได้,ไม่ระบุ,ชื่อยา สรรพคุณ และวิธีใช้ จำนวน 2 รายการ,0.0,0.0,0.0,0.0,940.0,0.0,0.0,0.0,ศูนย์การแปล
Operational & Service Excellence by CAAS.xlsx,Service_Excellence_by_CAAS,559,2563,ไม่ระบุ,บริการวิชาการแบบมีรายได้,ไม่ระบุ,ฉลากสินค้าภาษาเกาหลี chouchou doll mascare,0.0,0.0,0.0,0.0,1620.0,0.0,0.0,0.0,ศูนย์การแปล
Operational & Service Excellence by CAAS.xlsx,Service_Excellence_by_CAAS,560,2563,ไม่ระบุ,บริการวิชาการแบบมีรายได้,ไม่ระบุ,ฉลากสินค้าภาษาเกาหลี ATOMY จำนวน 4 รายการ,0.0,0.0,0.0,0.0,4420.0,0.0,0.0,0.0,ศูนย์การแปล
Operational & Service Excellence by CAAS.xlsx,Service_Excellence_by_CAAS,561,2563,ไม่ระบุ,บริการวิชาการแบบมีรายได้,ไม่ระบุ,ข้อความในตราประทับภาษาจีน,0.0,0.0,0.0,0.0,630.0,0.0,0.0,0.0,ศูนย์การแปล
Operational & Service Excellence by CAAS.xlsx,Service_Excellence_by_CAAS,562,2563,ไม่ระบุ,บริการวิชาการแบบมีรายได้,ไม่ระบุ,ฉลากสินค้าภาษาญี่ปุ่น,0.0,0.0,0.0,0.0,1400.0,0.0,0.0,0.0,ศูนย์การแปล
Operational & Service Excellence by CAAS.xlsx,Service_Excellence_by_CAAS,563,2563,ไม่ระบุ,บริการวิชาการแบบมีรายได้,ไม่ระบุ,แบบสอบถาม (เพิ่มเติม),0.0,0.0,0.0,0.0,2310.0,0.0,0.0,0.0,ศูนย์การแปล
Operational & Service Excellence by CAAS.xlsx,Service_Excellence_by_CAAS,564,2563,ไม่ระบุ,บริการวิชาการแบบมีรายได้,ไม่ระบุ,ฉลากสินค้าภาษาเกาหลี SUQUA,0.0,0.0,0.0,0.0,1180.0,0.0,0.0,0.0,ศูนย์การแปล
Operational & Service Excellence by CAAS.xlsx,Service_Excellence_by_CAAS,565,2563,ไม่ระบุ,บริการวิชาการแบบมีรายได้,ไม่ระบุ,ฉลากสินค้าภาษาเกาหลี จำนวน 2 รายการ,0.0,0.0,0.0,0.0,2480.0,0.0,0.0,0.0,ศูนย์การแปล
Operational & Service Excellence by CAAS.xlsx,Service_Excellence_by_CAAS,566,2563,ไม่ระบุ,บริการวิชาการแบบมีรายได้,ไม่ระบุ,ฉลากสินค้าภาษาญี่ปุ่น Evatouch Super xet EX,0.0,0.0,0.0,0.0,5250.0,0.0,0.0,0.0,ศูนย์การแปล
Operational & Service Excellence by CAAS.xlsx,Service_Excellence_by_CAAS,567,2563,ไม่ระบุ,บริการวิชาการแบบมีรายได้,ไม่ระบุ,ใบอนุญาตและเครื่องมือแพทย์,0.0,0.0,0.0,0.0,6200.0,0.0,0.0,0.0,ศูนย์การแปล
Operational & Service Excellence by CAAS.xlsx,Service_Excellence_by_CAAS,568,2563,ไม่ระบุ,บริการวิชาการแบบมีรายได้,ไม่ระบุ,คำอ่านและคำแปลภาษาญี่ปุ่น,0.0,0.0,0.0,0.0,740.0,0.0,0.0,0.0,ศูนย์การแปล
Operational & Service Excellence by CAAS.xlsx,Service_Excellence_by_CAAS,569,2563,ไม่ระบุ,บริการวิชาการแบบมีรายได้,ไม่ระบุ,ข้อความภาษาโปรตุเกสใน Certicate,0.0,0.0,0.0,0.0,740.0,0.0,0.0,0.0,ศูนย์การแปล
Operational & Service Excellence by CAAS.xlsx,Service_Excellence_by_CAAS,570,2563,ไม่ระบุ,บริการวิชาการแบบมีรายได้,ไม่ระบุ,ฉลากสินค้าภาษาญี่ปุ่น จำนวน 3 รายการ,0.0,0.0,0.0,0.0,3010.0,0.0,0.0,0.0,ศูนย์การแปล
Operational & Service Excellence by CAAS.xlsx,Service_Excellence_by_CAAS,571,2563,ไม่ระบุ,บริการวิชาการแบบมีรายได้,ไม่ระบุ,ข้อความในตราประทับภาษาจีน,0.0,0.0,0.0,0.0,630.0,0.0,0.0,0.0,ศูนย์การแปล
Operational & Service Excellence by CAAS.xlsx,Service_Excellence_by_CAAS,572,2563,ไม่ระบุ,บริการวิชาการแบบมีรายได้,ไม่ระบุ,เอกสาร ISO,0.0,0.0,0.0,0.0,1290.0,0.0,0.0,0.0,ศูนย์การแปล
Operational & Service Excellence by CAAS.xlsx,Service_Excellence_by_CAAS,573,2563,ไม่ระบุ,บริการวิชาการแบบมีรายได้,ไม่ระบุ,เอกสารภาษาญี่ปุ่น,0.0,0.0,0.0,0.0,1290.0,0.0,0.0,0.0,ศูนย์การแปล
Operational & Service Excellence by CAAS.xlsx,Service_Excellence_by_CAAS,574,2563,ไม่ระบุ,บริการวิชาการแบบมีรายได้,ไม่ระบุ,งานการประปานครหลวง,0.0,0.0,0.0,0.0,29560.0,0.0,0.0,0.0,ศูนย์การแปล
Operational & Service Excellence by CAAS.xlsx,Service_Excellence_by_CAAS,575,2563,ไม่ระบุ,บริการวิชาการแบบมีรายได้,ไม่ระบุ,ข้อความในตราประทับภาษาจีน,0.0,0.0,0.0,0.0,830.0,0.0,0.0,0.0,ศูนย์การแปล
Operational & Service Excellence by CAAS.xlsx,Service_Excellence_by_CAAS,576,2563,ไม่ระบุ,บริการวิชาการแบบมีรายได้,ไม่ระบุ,ข้อความในตราประทับภาษาจีน,0.0,0.0,0.0,0.0,830.0,0.0,0.0,0.0,ศูนย์การแปล
Operational & Service Excellence by CAAS.xlsx,Service_Excellence_by_CAAS,577,2563,ไม่ระบุ,บริการวิชาการแบบมีรายได้,ไม่ระบุ,ฉลากสินค้าภาษาสเปน (UNIVERSAL ACNE PATCH),0.0,0.0,0.0,0.0,1290.0,0.0,0.0,0.0,ศูนย์การแปล
Operational & Service Excellence by CAAS.xlsx,Service_Excellence_by_CAAS,578,2563,ไม่ระบุ,บริการวิชาการแบบมีรายได้,ไม่ระบุ,ฉลากสินค้าภาษาเกาหลี RH,0.0,0.0,0.0,0.0,1180.0,0.0,0.0,0.0,ศูนย์การแปล
Operational & Service Excellence by CAAS.xlsx,Service_Excellence_by_CAAS,579,2563,ไม่ระบุ,บริการวิชาการแบบมีรายได้,ไม่ระบุ,ชื่อผู้ผลิตและข้อความในตราประทับภาษาจีน,0.0,0.0,0.0,0.0,630.0,0.0,0.0,0.0,ศูนย์การแปล
Operational & Service Excellence by CAAS.xlsx,Service_Excellence_by_CAAS,580,2563,ไม่ระบุ,บริการวิชาการแบบมีรายได้,ไม่ระบุ,ฉลากสินค้า Yogur TrAin,0.0,0.0,0.0,0.0,1290.0,0.0,0.0,0.0,ศูนย์การแปล
Operational & Service Excellence by CAAS.xlsx,Service_Excellence_by_CAAS,581,2563,ไม่ระบุ,บริการวิชาการแบบมีรายได้,ไม่ระบุ,เอกสารกำกับยา,0.0,0.0,0.0,0.0,12620.0,0.0,0.0,0.0,ศูนย์การแปล
Operational & Service Excellence by CAAS.xlsx,Service_Excellence_by_CAAS,582,2563,ไม่ระบุ,บริการวิชาการแบบมีรายได้,ไม่ระบุ,แบบสอบถาม,0.0,0.0,0.0,0.0,1740.0,0.0,0.0,0.0,ศูนย์การแปล
Operational & Service Excellence by CAAS.xlsx,Service_Excellence_by_CAAS,583,2563,ไม่ระบุ,บริการวิชาการแบบมีรายได้,ไม่ระบุ,แบบสอบถาม: รายการตรวจสอบการควบคุมอารมณ์,0.0,0.0,0.0,0.0,1510.0,0.0,0.0,0.0,ศูนย์การแปล
Operational & Service Excellence by CAAS.xlsx,Service_Excellence_by_CAAS,584,2563,ไม่ระบุ,บริการวิชาการแบบมีรายได้,ไม่ระบุ,ชื่อยาและสรรพคุณยา จำนวน 3 รายการ,0.0,0.0,0.0,0.0,1580.0,0.0,0.0,0.0,ศูนย์การแปล
Operational & Service Excellence by CAAS.xlsx,Service_Excellence_by_CAAS,585,2563,ไม่ระบุ,บริการวิชาการแบบมีรายได้,ไม่ระบุ,ข้อความในตราประทับภาษาจีน,0.0,0.0,0.0,0.0,630.0,0.0,0.0,0.0,ศูนย์การแปล
Operational & Service Excellence by CAAS.xlsx,Service_Excellence_by_CAAS,586,2563,ไม่ระบุ,บริการวิชาการแบบมีรายได้,ไม่ระบุ,ยาแก้ไอแสงสว่างตราค้างคาว (สูตรผสมมะแว้งเครือ),0.0,0.0,0.0,0.0,740.0,0.0,0.0,0.0,ศูนย์การแปล
Operational & Service Excellence by CAAS.xlsx,Service_Excellence_by_CAAS,587,2563,ไม่ระบุ,บริการวิชาการแบบมีรายได้,ไม่ระบุ,เอกสารภาษาสเปน,0.0,0.0,0.0,0.0,2150.0,0.0,0.0,0.0,ศูนย์การแปล
Operational & Service Excellence by CAAS.xlsx,Service_Excellence_by_CAAS,588,2563,ไม่ระบุ,บริการวิชาการแบบมีรายได้,ไม่ระบุ,งานการประปานครหลวง (เพิ่มเติม),0.0,0.0,0.0,0.0,10780.0,0.0,0.0,0.0,ศูนย์การแปล
Operational & Service Excellence by CAAS.xlsx,Service_Excellence_by_CAAS,589,2563,ไม่ระบุ,บริการวิชาการแบบมีรายได้,ไม่ระบุ,ฉลากสินค้าภาษาเกาหลี Hand Cream แบรนด์ seaNtree จำนวน 2 รายการ,0.0,0.0,0.0,0.0,1840.0,0.0,0.0,0.0,ศูนย์การแปล
Operational & Service Excellence by CAAS.xlsx,Service_Excellence_by_CAAS,590,2563,ไม่ระบุ,บริการวิชาการแบบมีรายได้,ไม่ระบุ,Lolane Intense Care Argan oil hair serum [4 สูตร],0.0,0.0,0.0,0.0,2500.0,0.0,0.0,0.0,ศูนย์การแปล
Operational & Service Excellence by CAAS.xlsx,Service_Excellence_by_CAAS,591,2563,ไม่ระบุ,บริการวิชาการแบบมีรายได้,ไม่ระบุ,แบบสอบถาม Romantic Relationship Stress scale(RRSS) และ  Couple Satisfaction Index (CSI),0.0,0.0,0.0,0.0,2060.0,0.0,0.0,0.0,ศูนย์การแปล
Operational & Service Excellence by CAAS.xlsx,Service_Excellence_by_CAAS,592,2563,ไม่ระบุ,บริการวิชาการแบบมีรายได้,ไม่ระบุ,แบบสอบถามจำนวน 3 ชุด,0.0,0.0,0.0,0.0,3105.0,0.0,0.0,0.0,ศูนย์การแปล
Operational & Service Excellence by CAAS.xlsx,Service_Excellence_by_CAAS,593,2563,ไม่ระบุ,บริการวิชาการแบบมีรายได้,ไม่ระบุ,ข้อความในตราประทับภาษาจีน,0.0,0.0,0.0,0.0,630.0,0.0,0.0,0.0,ศูนย์การแปล
Operational & Service Excellence by CAAS.xlsx,Service_Excellence_by_CAAS,594,2563,ไม่ระบุ,บริการวิชาการแบบมีรายได้,ไม่ระบุ,คำอ่านและคำแปลอักษรเกาหลี,0.0,0.0,0.0,0.0,630.0,0.0,0.0,0.0,ศูนย์การแปล
Operational & Service Excellence by CAAS.xlsx,Service_Excellence_by_CAAS,595,2563,ไม่ระบุ,บริการวิชาการแบบมีรายได้,ไม่ระบุ,เอกสาร ISO,0.0,0.0,0.0,0.0,1190.0,0.0,0.0,0.0,ศูนย์การแปล
Operational & Service Excellence by CAAS.xlsx,Service_Excellence_by_CAAS,596,2563,ไม่ระบุ,บริการวิชาการแบบมีรายได้,ไม่ระบุ,เอกสารภาษาจีน Factory License,0.0,0.0,0.0,0.0,2500.0,0.0,0.0,0.0,ศูนย์การแปล
Operational & Service Excellence by CAAS.xlsx,Service_Excellence_by_CAAS,597,2563,ไม่ระบุ,บริการวิชาการแบบมีรายได้,ไม่ระบุ,รายละเอียดส่วนผสม,0.0,0.0,0.0,0.0,1290.0,0.0,0.0,0.0,ศูนย์การแปล
Operational & Service Excellence by CAAS.xlsx,Service_Excellence_by_CAAS,598,2563,ไม่ระบุ,บริการวิชาการแบบมีรายได้,ไม่ระบุ,ฉลากและเอกสารกำกับยา,0.0,0.0,0.0,0.0,740.0,0.0,0.0,0.0,ศูนย์การแปล
Operational & Service Excellence by CAAS.xlsx,Service_Excellence_by_CAAS,599,2563,ไม่ระบุ,บริการวิชาการแบบมีรายได้,ไม่ระบุ,เครื่องมือสำหรับงานวิจัย,0.0,0.0,0.0,0.0,2390.0,0.0,0.0,0.0,ศูนย์การแปล
Operational & Service Excellence by CAAS.xlsx,Service_Excellence_by_CAAS,600,2563,ไม่ระบุ,บริการวิชาการแบบมีรายได้,ไม่ระบุ,ฉลากสินค้าภาษาญี่ปุ่น JFDA,0.0,0.0,0.0,0.0,1840.0,0.0,0.0,0.0,ศูนย์การแปล
Operational & Service Excellence by CAAS.xlsx,Service_Excellence_by_CAAS,601,2563,ไม่ระบุ,บริการวิชาการแบบมีรายได้,ไม่ระบุ,เอกสารภาษาเกาหลี EGLIPS ALL DAY SUNMATE_Functional cosmetics report,0.0,0.0,0.0,0.0,2500.0,0.0,0.0,0.0,ศูนย์การแปล
Operational & Service Excellence by CAAS.xlsx,Service_Excellence_by_CAAS,602,2563,ไม่ระบุ,บริการวิชาการแบบมีรายได้,ไม่ระบุ,Certificate,0.0,0.0,0.0,0.0,1180.0,0.0,0.0,0.0,ศูนย์การแปล
Operational & Service Excellence by CAAS.xlsx,Service_Excellence_by_CAAS,603,2563,ไม่ระบุ,บริการวิชาการแบบมีรายได้,ไม่ระบุ,เอกสาร ISO,0.0,0.0,0.0,0.0,4680.0,0.0,0.0,0.0,ศูนย์การแปล
Operational & Service Excellence by CAAS.xlsx,Service_Excellence_by_CAAS,604,2563,ไม่ระบุ,บริการวิชาการแบบมีรายได้,ไม่ระบุ,HACCP Audit Report,0.0,0.0,0.0,0.0,3820.0,0.0,0.0,0.0,ศูนย์การแปล
Operational & Service Excellence by CAAS.xlsx,Service_Excellence_by_CAAS,605,2563,ไม่ระบุ,บริการวิชาการแบบมีรายได้,ไม่ระบุ,สูติบัตรและทะเบียน,0.0,0.0,0.0,0.0,3800.0,0.0,0.0,0.0,ศูนย์การแปล
Operational & Service Excellence by CAAS.xlsx,Service_Excellence_by_CAAS,606,2563,ไม่ระบุ,บริการวิชาการแบบมีรายได้,ไม่ระบุ,ใบปริญญาบัตร,0.0,0.0,0.0,0.0,960.0,0.0,0.0,0.0,ศูนย์การแปล
Operational & Service Excellence by CAAS.xlsx,Service_Excellence_by_CAAS,607,2563,ไม่ระบุ,บริการวิชาการแบบมีรายได้,ไม่ระบุ,ใบอนุญาต,0.0,0.0,0.0,0.0,660.0,0.0,0.0,0.0,ศูนย์การแปล
Operational & Service Excellence by CAAS.xlsx,Service_Excellence_by_CAAS,608,2563,ไม่ระบุ,บริการวิชาการแบบมีรายได้,ไม่ระบุ,เอกสารปริญญาบัตร จำนวน 3 ฉบับ,0.0,0.0,0.0,0.0,2940.0,0.0,0.0,0.0,ศูนย์การแปล
Operational & Service Excellence by CAAS.xlsx,Service_Excellence_by_CAAS,609,2563,ไม่ระบุ,บริการวิชาการแบบมีรายได้,ไม่ระบุ,ฉลากสินค้าภาษาเกาหลี APLB VITAMIN-C AMPOULE SERUM,0.0,0.0,0.0,0.0,1180.0,0.0,0.0,0.0,ศูนย์การแปล
Operational & Service Excellence by CAAS.xlsx,Service_Excellence_by_CAAS,610,2563,ไม่ระบุ,บริการวิชาการแบบมีรายได้,ไม่ระบุ,Privacy Statement and Consent to Use of Data,0.0,0.0,0.0,0.0,9440.0,0.0,0.0,0.0,ศูนย์การแปล
Operational & Service Excellence by CAAS.xlsx,Service_Excellence_by_CAAS,611,2563,ไม่ระบุ,บริการวิชาการแบบมีรายได้,ไม่ระบุ,เอกสารภาษาญี่ปุ่น KOMBU    TSUYU (WADAKAN BRAND)_Process,0.0,0.0,0.0,0.0,2500.0,0.0,0.0,0.0,ศูนย์การแปล
Operational & Service Excellence by CAAS.xlsx,Service_Excellence_by_CAAS,612,2563,ไม่ระบุ,บริการวิชาการแบบมีรายได้,ไม่ระบุ,Lolane Natura Super Conditioner,0.0,0.0,0.0,0.0,1510.0,0.0,0.0,0.0,ศูนย์การแปล
Operational & Service Excellence by CAAS.xlsx,Service_Excellence_by_CAAS,613,2563,ไม่ระบุ,บริการวิชาการแบบมีรายได้,ไม่ระบุ,ฉลากสินค้าภาษาญี่ปุ่น (Nail Tape) จำนวน 2 รายการ,0.0,0.0,0.0,0.0,2700.0,0.0,0.0,0.0,ศูนย์การแปล
Operational & Service Excellence by CAAS.xlsx,Service_Excellence_by_CAAS,614,2563,ไม่ระบุ,บริการวิชาการแบบมีรายได้,ไม่ระบุ,ฉลากสินค้าภาษาญี่ปุ่น (Wet floor wipes),0.0,0.0,0.0,0.0,2400.0,0.0,0.0,0.0,ศูนย์การแปล
Operational & Service Excellence by CAAS.xlsx,Service_Excellence_by_CAAS,615,2563,ไม่ระบุ,บริการวิชาการแบบมีรายได้,ไม่ระบุ,ฉลากสินค้าภาษาญี่ปุ่น (สบู่ฟองโฟม),0.0,0.0,0.0,0.0,2500.0,0.0,0.0,0.0,ศูนย์การแปล
Operational & Service Excellence by CAAS.xlsx,Service_Excellence_by_CAAS,616,2563,ไม่ระบุ,บริการวิชาการแบบมีรายได้,ไม่ระบุ,เอกสารบรรยายเครื่องจักร,0.0,0.0,0.0,0.0,4260.0,0.0,0.0,0.0,ศูนย์การแปล
Operational & Service Excellence by CAAS.xlsx,Service_Excellence_by_CAAS,617,2563,ไม่ระบุ,บริการวิชาการแบบมีรายได้,ไม่ระบุ,ฉลากสินค้า จำนวน 20 รายการ,0.0,0.0,0.0,0.0,17500.0,0.0,0.0,0.0,ศูนย์การแปล
Operational & Service Excellence by CAAS.xlsx,Service_Excellence_by_CAAS,618,2563,ไม่ระบุ,บริการวิชาการแบบมีรายได้,ไม่ระบุ,transcript และใบปริญญาบัตร,0.0,0.0,0.0,0.0,2160.0,0.0,0.0,0.0,ศูนย์การแปล
Operational & Service Excellence by CAAS.xlsx,Service_Excellence_by_CAAS,619,2563,ไม่ระบุ,บริการวิชาการแบบมีรายได้,ไม่ระบุ,ตราประทับภาษาจีน,0.0,0.0,0.0,0.0,630.0,0.0,0.0,0.0,ศูนย์การแปล
Operational & Service Excellence by CAAS.xlsx,Service_Excellence_by_CAAS,620,2563,ไม่ระบุ,บริการวิชาการแบบมีรายได้,ไม่ระบุ,เอกสารภาษาสโลวีเนีย,0.0,0.0,0.0,0.0,7230.0,0.0,0.0,0.0,ศูนย์การแปล
Operational & Service Excellence by CAAS.xlsx,Service_Excellence_by_CAAS,621,2563,ไม่ระบุ,บริการวิชาการแบบมีรายได้,ไม่ระบุ,ฉลากสินค้าภาษาเกาหลี The History of Whoo Bichup first moisture anti-aging essence,0.0,0.0,0.0,0.0,1510.0,0.0,0.0,0.0,ศูนย์การแปล
Operational & Service Excellence by CAAS.xlsx,Service_Excellence_by_CAAS,622,2563,ไม่ระบุ,บริการวิชาการแบบมีรายได้,ไม่ระบุ,เอกสารภาษาจีน,0.0,0.0,0.0,0.0,2720.0,0.0,0.0,0.0,ศูนย์การแปล
Operational & Service Excellence by CAAS.xlsx,Service_Excellence_by_CAAS,623,2563,ไม่ระบุ,บริการวิชาการแบบมีรายได้,ไม่ระบุ,ใบรับรองภาษาญี่ปุ่น,0.0,0.0,0.0,0.0,1290.0,0.0,0.0,0.0,ศูนย์การแปล
Operational & Service Excellence by CAAS.xlsx,Service_Excellence_by_CAAS,624,2563,ไม่ระบุ,บริการวิชาการแบบมีรายได้,ไม่ระบุ,แบบสอบถาม CPCHILD,0.0,0.0,0.0,0.0,3600.0,0.0,0.0,0.0,ศูนย์การแปล
Operational & Service Excellence by CAAS.xlsx,Service_Excellence_by_CAAS,625,2563,ไม่ระบุ,บริการวิชาการแบบมีรายได้,ไม่ระบุ,อุปกรณ์การแพทย์,0.0,0.0,0.0,0.0,18700.0,0.0,0.0,0.0,ศูนย์การแปล
Operational & Service Excellence by CAAS.xlsx,Service_Excellence_by_CAAS,626,2563,ไม่ระบุ,บริการวิชาการแบบมีรายได้,ไม่ระบุ,ฉลากสินค้าภาษาเกาหลี Grain Friend,0.0,0.0,0.0,0.0,2680.0,0.0,0.0,0.0,ศูนย์การแปล
Operational & Service Excellence by CAAS.xlsx,Service_Excellence_by_CAAS,627,2563,ไม่ระบุ,บริการวิชาการแบบมีรายได้,ไม่ระบุ,เอกสาร ISO,0.0,0.0,0.0,0.0,2480.0,0.0,0.0,0.0,ศูนย์การแปล
Operational & Service Excellence by CAAS.xlsx,Service_Excellence_by_CAAS,628,2563,ไม่ระบุ,บริการวิชาการแบบมีรายได้,ไม่ระบุ,ฉลากสินค้าภาษาเกาหลี จำนวน 22 รายการ,0.0,0.0,0.0,0.0,16820.0,0.0,0.0,0.0,ศูนย์การแปล
Operational & Service Excellence by CAAS.xlsx,Service_Excellence_by_CAAS,629,2563,ไม่ระบุ,บริการวิชาการแบบมีรายได้,ไม่ระบุ,ใบรับรอง ISO,0.0,0.0,0.0,0.0,960.0,0.0,0.0,0.0,ศูนย์การแปล
Operational & Service Excellence by CAAS.xlsx,Service_Excellence_by_CAAS,630,2563,ไม่ระบุ,บริการวิชาการแบบมีรายได้,ไม่ระบุ,ฉลากสินค้าภาษาญี่ปุ่น จำนวน 4 รายการ,0.0,0.0,0.0,0.0,4760.0,0.0,0.0,0.0,ศูนย์การแปล
Operational & Service Excellence by CAAS.xlsx,Service_Excellence_by_CAAS,631,2563,ไม่ระบุ,บริการวิชาการแบบมีรายได้,ไม่ระบุ,เอกสารยาแก้ไอตราเสือดาว (สูตรน้ำผึ้งผสมมะนาว),0.0,0.0,0.0,0.0,740.0,0.0,0.0,0.0,ศูนย์การแปล
Operational & Service Excellence by CAAS.xlsx,Service_Excellence_by_CAAS,632,2563,ไม่ระบุ,บริการวิชาการแบบมีรายได้,ไม่ระบุ,อุปกรณ์การแพทย์ (เพิ่มเติม),0.0,0.0,0.0,0.0,4360.0,0.0,0.0,0.0,ศูนย์การแปล
Operational & Service Excellence by CAAS.xlsx,Service_Excellence_by_CAAS,633,2563,ไม่ระบุ,บริการวิชาการแบบมีรายได้,ไม่ระบุ,เอกสารสำหรับผู้รับการตรวจคัดกรอง,0.0,0.0,0.0,0.0,2940.0,0.0,0.0,0.0,ศูนย์การแปล
Operational & Service Excellence by CAAS.xlsx,Service_Excellence_by_CAAS,634,2563,ไม่ระบุ,บริการวิชาการแบบมีรายได้,ไม่ระบุ,business permit301,0.0,0.0,0.0,0.0,850.0,0.0,0.0,0.0,ศูนย์การแปล
Operational & Service Excellence by CAAS.xlsx,Service_Excellence_by_CAAS,635,2563,ไม่ระบุ,บริการวิชาการแบบมีรายได้,ไม่ระบุ,iso9001 JCOA-0977,0.0,0.0,0.0,0.0,1300.0,0.0,0.0,0.0,ศูนย์การแปล
Operational & Service Excellence by CAAS.xlsx,Service_Excellence_by_CAAS,636,2563,ไม่ระบุ,บริการวิชาการแบบมีรายได้,ไม่ระบุ,Official Transcript of Records ของ นายอัคคะเมศฐ์,0.0,0.0,0.0,0.0,860.0,0.0,0.0,0.0,ศูนย์การแปล
Operational & Service Excellence by CAAS.xlsx,Service_Excellence_by_CAAS,637,2563,ไม่ระบุ,บริการวิชาการแบบมีรายได้,ไม่ระบุ,เอกสารใบปริญญาบัตร,0.0,0.0,0.0,0.0,860.0,0.0,0.0,0.0,ศูนย์การแปล
Operational & Service Excellence by CAAS.xlsx,Service_Excellence_by_CAAS,638,2563,ไม่ระบุ,บริการวิชาการแบบมีรายได้,ไม่ระบุ,ฉลากสินค้าภาษาเกาหลี SOME BY MI จำนวน 10 รายการ,0.0,0.0,0.0,0.0,8700.0,0.0,0.0,0.0,ศูนย์การแปล
Operational & Service Excellence by CAAS.xlsx,Service_Excellence_by_CAAS,639,2563,ไม่ระบุ,บริการวิชาการแบบมีรายได้,ไม่ระบุ,สคริปต์ใช้สำหรับบันทึกเสียง,0.0,0.0,0.0,0.0,19360.0,0.0,0.0,0.0,ศูนย์การแปล
Operational & Service Excellence by CAAS.xlsx,Service_Excellence_by_CAAS,640,2563,ไม่ระบุ,บริการวิชาการแบบมีรายได้,ไม่ระบุ,ฉลากสินค้าภาษาญี่ปุ่น (Cooling Gel) จำนวน 9 รายการ,0.0,0.0,0.0,0.0,7840.0,0.0,0.0,0.0,ศูนย์การแปล
Operational & Service Excellence by CAAS.xlsx,Service_Excellence_by_CAAS,641,2563,ไม่ระบุ,บริการวิชาการแบบมีรายได้,ไม่ระบุ,ACOUSTIC LOUVRES,0.0,0.0,0.0,0.0,5910.0,0.0,0.0,0.0,ศูนย์การแปล
Operational & Service Excellence by CAAS.xlsx,Service_Excellence_by_CAAS,642,2563,ไม่ระบุ,บริการวิชาการแบบมีรายได้,ไม่ระบุ,ใบอนุญาต,0.0,0.0,0.0,0.0,1180.0,0.0,0.0,0.0,ศูนย์การแปล
Operational & Service Excellence by CAAS.xlsx,Service_Excellence_by_CAAS,643,2563,ไม่ระบุ,บริการวิชาการแบบมีรายได้,ไม่ระบุ,เอกสารยื่น อย. (เครื่องสำอาง TOSKAN),0.0,0.0,0.0,0.0,850.0,0.0,0.0,0.0,ศูนย์การแปล
Operational & Service Excellence by CAAS.xlsx,Service_Excellence_by_CAAS,644,2563,ไม่ระบุ,บริการวิชาการแบบมีรายได้,ไม่ระบุ,ฉลากสินค้าภาษาญี่ปุ่น (โมกุโมกุจัง) จำนวน 2 รายการ,0.0,0.0,0.0,0.0,2260.0,0.0,0.0,0.0,ศูนย์การแปล
Operational & Service Excellence by CAAS.xlsx,Service_Excellence_by_CAAS,645,2563,ไม่ระบุ,บริการวิชาการแบบมีรายได้,ไม่ระบุ,มาตรฐานแรงงานไทย,0.0,0.0,0.0,0.0,24260.0,0.0,0.0,0.0,ศูนย์การแปล
Operational & Service Excellence by CAAS.xlsx,Service_Excellence_by_CAAS,646,2563,ไม่ระบุ,บริการวิชาการแบบมีรายได้,ไม่ระบุ,คำร้องและสัญญา,0.0,0.0,0.0,0.0,2390.0,0.0,0.0,0.0,ศูนย์การแปล
Operational & Service Excellence by CAAS.xlsx,Service_Excellence_by_CAAS,647,2563,ไม่ระบุ,บริการวิชาการแบบมีรายได้,ไม่ระบุ,แบบฟอร์ม จำนวน 56 ฉบับ,0.0,0.0,0.0,0.0,34180.0,0.0,0.0,0.0,ศูนย์การแปล
Operational & Service Excellence by CAAS.xlsx,Service_Excellence_by_CAAS,648,2563,ไม่ระบุ,บริการวิชาการแบบมีรายได้,ไม่ระบุ,เอกสารภาษาเดนมาร์ก GMPack-Dm,0.0,0.0,0.0,0.0,16140.0,0.0,0.0,0.0,ศูนย์การแปล
Operational & Service Excellence by CAAS.xlsx,Service_Excellence_by_CAAS,649,2563,ไม่ระบุ,บริการวิชาการแบบมีรายได้,ไม่ระบุ,ฉลากสินค้าภาษาเกาหลี Real Barrier จำนวน 2 รายการ,0.0,0.0,0.0,0.0,2040.0,0.0,0.0,0.0,ศูนย์การแปล
Operational & Service Excellence by CAAS.xlsx,Service_Excellence_by_CAAS,650,2563,ไม่ระบุ,บริการวิชาการแบบมีรายได้,ไม่ระบุ,Four Seasons,0.0,0.0,0.0,0.0,1400.0,0.0,0.0,0.0,ศูนย์การแปล
Operational & Service Excellence by CAAS.xlsx,Service_Excellence_by_CAAS,651,2563,ไม่ระบุ,บริการวิชาการแบบมีรายได้,ไม่ระบุ,transcript,0.0,0.0,0.0,0.0,1060.0,0.0,0.0,0.0,ศูนย์การแปล
Operational & Service Excellence by CAAS.xlsx,Service_Excellence_by_CAAS,652,2563,ไม่ระบุ,บริการวิชาการแบบมีรายได้,ไม่ระบุ,ใบรับรองการศึกษา,0.0,0.0,0.0,0.0,2610.0,0.0,0.0,0.0,ศูนย์การแปล
Operational & Service Excellence by CAAS.xlsx,Service_Excellence_by_CAAS,653,2563,ไม่ระบุ,บริการวิชาการแบบมีรายได้,ไม่ระบุ,ประกาศมหาวิทยาลัยมหิดล จำนวน 2 ชุด,0.0,0.0,0.0,0.0,21560.0,0.0,0.0,0.0,ศูนย์การแปล
Operational & Service Excellence by CAAS.xlsx,Service_Excellence_by_CAAS,654,2563,ไม่ระบุ,บริการวิชาการแบบมีรายได้,ไม่ระบุ,แบบสอบถามนักท่องเที่ยวต่างชาติ,0.0,0.0,0.0,0.0,4600.0,0.0,0.0,0.0,ศูนย์การแปล
Operational & Service Excellence by CAAS.xlsx,Service_Excellence_by_CAAS,655,2563,ไม่ระบุ,บริการวิชาการแบบมีรายได้,ไม่ระบุ,ใบรับรอง ISO,0.0,0.0,0.0,0.0,1290.0,0.0,0.0,0.0,ศูนย์การแปล
Operational & Service Excellence by CAAS.xlsx,Service_Excellence_by_CAAS,656,2563,ไม่ระบุ,บริการวิชาการแบบมีรายได้,ไม่ระบุ,คำอ่านและคำแปลอักษรญี่ปุ่น,0.0,0.0,0.0,0.0,630.0,0.0,0.0,0.0,ศูนย์การแปล
Operational & Service Excellence by CAAS.xlsx,Service_Excellence_by_CAAS,657,2563,ไม่ระบุ,บริการวิชาการแบบมีรายได้,ไม่ระบุ,ประกาศมหาวิทยาลัยมหิดล (กิจกรรมหลักสูตร),0.0,0.0,0.0,0.0,8415.0,0.0,0.0,0.0,ศูนย์การแปล
Operational & Service Excellence by CAAS.xlsx,Service_Excellence_by_CAAS,658,2563,ไม่ระบุ,บริการวิชาการแบบมีรายได้,ไม่ระบุ,DNA Test Report,0.0,0.0,0.0,0.0,1080.0,0.0,0.0,0.0,ศูนย์การแปล
Operational & Service Excellence by CAAS.xlsx,Service_Excellence_by_CAAS,659,2563,ไม่ระบุ,บริการวิชาการแบบมีรายได้,ไม่ระบุ,คำอ่านและคำแปลอักษรจีน,0.0,0.0,0.0,0.0,530.0,0.0,0.0,0.0,ศูนย์การแปล
Operational & Service Excellence by CAAS.xlsx,Service_Excellence_by_CAAS,660,2563,ไม่ระบุ,บริการวิชาการแบบมีรายได้,ไม่ระบุ,ฉลากสินค้าภาษาญี่ปุ่น จำนวน 2 รายการ,0.0,0.0,0.0,0.0,3000.0,0.0,0.0,0.0,ศูนย์การแปล
Operational & Service Excellence by CAAS.xlsx,Service_Excellence_by_CAAS,661,2563,ไม่ระบุ,บริการวิชาการแบบมีรายได้,ไม่ระบุ,รายระเอียดสินค้า HI-BARREL และวิธีการใช้เครื่องขัดเงาโครงโลหะ,0.0,0.0,0.0,0.0,5360.0,0.0,0.0,0.0,ศูนย์การแปล
Operational & Service Excellence by CAAS.xlsx,Service_Excellence_by_CAAS,662,2563,ไม่ระบุ,บริการวิชาการแบบมีรายได้,ไม่ระบุ,Transcript,0.0,0.0,0.0,0.0,1070.0,0.0,0.0,0.0,ศูนย์การแปล
Operational & Service Excellence by CAAS.xlsx,Service_Excellence_by_CAAS,663,2563,ไม่ระบุ,บริการวิชาการแบบมีรายได้,ไม่ระบุ,ภ.ง.ด.90 และ ภ.ง.ด.94,0.0,0.0,0.0,0.0,8200.0,0.0,0.0,0.0,ศูนย์การแปล
Operational & Service Excellence by CAAS.xlsx,Service_Excellence_by_CAAS,664,2563,ไม่ระบุ,บริการวิชาการแบบมีรายได้,ไม่ระบุ,Transcript น.ส.ไพเพ็ญ ศิษย์ธานนท์,0.0,0.0,0.0,0.0,960.0,0.0,0.0,0.0,ศูนย์การแปล
Operational & Service Excellence by CAAS.xlsx,Service_Excellence_by_CAAS,665,2563,ไม่ระบุ,บริการวิชาการแบบมีรายได้,ไม่ระบุ,ฉลากสินค้า Eucerin Aquaphor,0.0,0.0,0.0,0.0,630.0,0.0,0.0,0.0,ศูนย์การแปล
Operational & Service Excellence by CAAS.xlsx,Service_Excellence_by_CAAS,666,2563,ไม่ระบุ,บริการวิชาการแบบมีรายได้,ไม่ระบุ,กล่องผลิตภัณฑ์ Eucerin Q10 Active,0.0,0.0,0.0,0.0,1630.0,0.0,0.0,0.0,ศูนย์การแปล
Operational & Service Excellence by CAAS.xlsx,Service_Excellence_by_CAAS,667,2563,ไม่ระบุ,บริการวิชาการแบบมีรายได้,ไม่ระบุ,ฉลากผลิตภัณฑ์ Mask cool,0.0,0.0,0.0,0.0,1510.0,0.0,0.0,0.0,ศูนย์การแปล
Operational & Service Excellence by CAAS.xlsx,Service_Excellence_by_CAAS,668,2563,ไม่ระบุ,บริการวิชาการแบบมีรายได้,ไม่ระบุ,ยาธาตุผสมอบเชย ตราชินน่า,0.0,0.0,0.0,0.0,630.0,0.0,0.0,0.0,ศูนย์การแปล
Operational & Service Excellence by CAAS.xlsx,Service_Excellence_by_CAAS,669,2563,ไม่ระบุ,บริการวิชาการแบบมีรายได้,ไม่ระบุ,OFFICE OF THE REGISTRAR CERTIFICATION และ Certificate of Lifetime Membership ของคุณอัคระเมศฐ์,0.0,0.0,0.0,0.0,1060.0,0.0,0.0,0.0,ศูนย์การแปล
Operational & Service Excellence by CAAS.xlsx,Service_Excellence_by_CAAS,670,2563,ไม่ระบุ,บริการวิชาการแบบมีรายได้,ไม่ระบุ,เว็บไซต์คณะศิลปศาสตร์,0.0,0.0,0.0,0.0,13860.0,0.0,0.0,0.0,ศูนย์การแปล
Operational & Service Excellence by CAAS.xlsx,Service_Excellence_by_CAAS,671,2563,ไม่ระบุ,บริการวิชาการแบบมีรายได้,ไม่ระบุ,ใบปริญญาบัตร,0.0,0.0,0.0,0.0,1840.0,0.0,0.0,0.0,ศูนย์การแปล
Operational & Service Excellence by CAAS.xlsx,Service_Excellence_by_CAAS,672,2563,ไม่ระบุ,บริการวิชาการแบบมีรายได้,ไม่ระบุ,Certificate (ข้อความภาษาโปรตุเกส),0.0,0.0,0.0,0.0,1180.0,0.0,0.0,0.0,ศูนย์การแปล
Operational & Service Excellence by CAAS.xlsx,Service_Excellence_by_CAAS,673,2563,ไม่ระบุ,บริการวิชาการแบบมีรายได้,ไม่ระบุ,ฉลากสินค้าภาษาญี่ปุ่น (Magnifying Eyeglasses) จำนวน 4 รายการ,0.0,0.0,0.0,0.0,3540.0,0.0,0.0,0.0,ศูนย์การแปล
Operational & Service Excellence by CAAS.xlsx,Service_Excellence_by_CAAS,674,2563,ไม่ระบุ,บริการวิชาการแบบมีรายได้,ไม่ระบุ,ฉลากสินค้าภาษาญี่ปุ่น (Cool touch mask),0.0,0.0,0.0,0.0,1080.0,0.0,0.0,0.0,ศูนย์การแปล
Operational & Service Excellence by CAAS.xlsx,Service_Excellence_by_CAAS,675,2563,ไม่ระบุ,บริการวิชาการแบบมีรายได้,ไม่ระบุ,เอกสารภาษาอังกฤษ (เฉพาะตารางหน้า 11-12),0.0,0.0,0.0,0.0,1400.0,0.0,0.0,0.0,ศูนย์การแปล
Operational & Service Excellence by CAAS.xlsx,Service_Excellence_by_CAAS,676,2563,ไม่ระบุ,บริการวิชาการแบบมีรายได้,ไม่ระบุ,ฉลากสินค้าภาษาเกาหลี (Ivenet) จำนวน 5 รายการ,0.0,0.0,0.0,0.0,4950.0,0.0,0.0,0.0,ศูนย์การแปล
Operational & Service Excellence by CAAS.xlsx,Service_Excellence_by_CAAS,677,2563,ไม่ระบุ,บริการวิชาการแบบมีรายได้,ไม่ระบุ,แบบสอบถาม,0.0,0.0,0.0,0.0,1235.0,0.0,0.0,0.0,ศูนย์การแปล
Operational & Service Excellence by CAAS.xlsx,Service_Excellence_by_CAAS,678,2563,ไม่ระบุ,บริการวิชาการแบบมีรายได้,ไม่ระบุ,ฉลากสินค้าภาษาญี่ปุ่น Supporter จำนวน 2 รายการ,0.0,0.0,0.0,0.0,1930.0,0.0,0.0,0.0,ศูนย์การแปล
Operational & Service Excellence by CAAS.xlsx,Service_Excellence_by_CAAS,679,2563,ไม่ระบุ,บริการวิชาการแบบมีรายได้,ไม่ระบุ,ฉลากสินค้าภาษาเกาหลี (SOONSOJA) จำนวน 8 รายการ,0.0,0.0,0.0,0.0,7420.0,0.0,0.0,0.0,ศูนย์การแปล
Operational & Service Excellence by CAAS.xlsx,Service_Excellence_by_CAAS,680,2563,ไม่ระบุ,บริการวิชาการแบบมีรายได้,ไม่ระบุ,ฉลากสินค้าภาษาเกาหลี (SSJA) จำนวน 2 รายการ,0.0,0.0,0.0,0.0,1830.0,0.0,0.0,0.0,ศูนย์การแปล
Operational & Service Excellence by CAAS.xlsx,Service_Excellence_by_CAAS,681,2564,ไม่ระบุ,บริการวิชาการแบบมีรายได้,ไม่ระบุ,LOLANE Nature Code Color Shampoo แชมพูปิดผมขาวโลแลน เนเจอร์ โค้ด,0.0,0.0,0.0,0.0,2500.0,0.0,0.0,0.0,ศูนย์การแปล
Operational & Service Excellence by CAAS.xlsx,Service_Excellence_by_CAAS,682,2564,ไม่ระบุ,บริการวิชาการแบบมีรายได้,ไม่ระบุ,Food products manufacturing permit,0.0,0.0,0.0,0.0,3600.0,0.0,0.0,0.0,ศูนย์การแปล
Operational & Service Excellence by CAAS.xlsx,Service_Excellence_by_CAAS,683,2564,ไม่ระบุ,บริการวิชาการแบบมีรายได้,ไม่ระบุ,เอกสารภาษาญี่ปุ่น (Cer. Caffeine),0.0,0.0,0.0,0.0,2700.0,0.0,0.0,0.0,ศูนย์การแปล
Operational & Service Excellence by CAAS.xlsx,Service_Excellence_by_CAAS,684,2564,ไม่ระบุ,บริการวิชาการแบบมีรายได้,ไม่ระบุ,Factory License ภาษาญี่ปุ่น จำนวน 2 ฉบับ,0.0,0.0,0.0,0.0,1600.0,0.0,0.0,0.0,ศูนย์การแปล
Operational & Service Excellence by CAAS.xlsx,Service_Excellence_by_CAAS,685,2564,ไม่ระบุ,บริการวิชาการแบบมีรายได้,ไม่ระบุ,ฉลากสินค้าภาษาจีนและเกาหลี,0.0,0.0,0.0,0.0,10400.0,0.0,0.0,0.0,ศูนย์การแปล
Operational & Service Excellence by CAAS.xlsx,Service_Excellence_by_CAAS,686,2564,ไม่ระบุ,บริการวิชาการแบบมีรายได้,ไม่ระบุ,เครื่องหมายการค้า,0.0,0.0,0.0,0.0,1180.0,0.0,0.0,0.0,ศูนย์การแปล
Operational & Service Excellence by CAAS.xlsx,Service_Excellence_by_CAAS,687,2564,ไม่ระบุ,บริการวิชาการแบบมีรายได้,ไม่ระบุ,เอกสารภาษาญี่ปุ่น Protein Hydrolyzed_SPEC,0.0,0.0,0.0,0.0,5800.0,0.0,0.0,0.0,ศูนย์การแปล
Operational & Service Excellence by CAAS.xlsx,Service_Excellence_by_CAAS,688,2564,ไม่ระบุ,บริการวิชาการแบบมีรายได้,ไม่ระบุ,Certificate of Trademark Registration,0.0,0.0,0.0,0.0,27800.0,0.0,0.0,0.0,ศูนย์การแปล
Operational & Service Excellence by CAAS.xlsx,Service_Excellence_by_CAAS,689,2564,ไม่ระบุ,บริการวิชาการแบบมีรายได้,ไม่ระบุ,เอกสารภาษาจีน Certificate,0.0,0.0,0.0,0.0,1070.0,0.0,0.0,0.0,ศูนย์การแปล
Operational & Service Excellence by CAAS.xlsx,Service_Excellence_by_CAAS,690,2564,ไม่ระบุ,บริการวิชาการแบบมีรายได้,ไม่ระบุ,กล่องสินค้าภาษาเกาหลี  Centella 3X Complex,0.0,0.0,0.0,0.0,1180.0,0.0,0.0,0.0,ศูนย์การแปล
Operational & Service Excellence by CAAS.xlsx,Service_Excellence_by_CAAS,691,2564,ไม่ระบุ,บริการวิชาการแบบมีรายได้,ไม่ระบุ,ยากุมารแสงสว่างตราค้างคาว และยากษัยแสงสว่างตราค้างคาว,0.0,0.0,0.0,0.0,2260.0,0.0,0.0,0.0,ศูนย์การแปล
Operational & Service Excellence by CAAS.xlsx,Service_Excellence_by_CAAS,692,2564,ไม่ระบุ,บริการวิชาการแบบมีรายได้,ไม่ระบุ,เอกสารชื่อยาและสรรพคุณ (โอทยา),0.0,0.0,0.0,0.0,1190.0,0.0,0.0,0.0,ศูนย์การแปล
Operational & Service Excellence by CAAS.xlsx,Service_Excellence_by_CAAS,693,2564,ไม่ระบุ,บริการวิชาการแบบมีรายได้,ไม่ระบุ,บทบรรยาย ตลาด อ.ต.ก.,0.0,0.0,0.0,0.0,2920.0,0.0,0.0,0.0,ศูนย์การแปล
Operational & Service Excellence by CAAS.xlsx,Service_Excellence_by_CAAS,694,2564,ไม่ระบุ,บริการวิชาการแบบมีรายได้,ไม่ระบุ,เอกสาร validation report,0.0,0.0,0.0,0.0,16800.0,0.0,0.0,0.0,ศูนย์การแปล
Operational & Service Excellence by CAAS.xlsx,Service_Excellence_by_CAAS,695,2564,ไม่ระบุ,บริการวิชาการแบบมีรายได้,ไม่ระบุ,เอกสารภาษาญี่ปุ่น,0.0,0.0,0.0,0.0,21860.0,0.0,0.0,0.0,ศูนย์การแปล
Operational & Service Excellence by CAAS.xlsx,Service_Excellence_by_CAAS,696,2564,ไม่ระบุ,บริการวิชาการแบบมีรายได้,ไม่ระบุ,กล่องสินค้าภาษาเกาหลี CELL FACTORY จำนวน 3 ชิ้น,0.0,0.0,0.0,0.0,3010.0,0.0,0.0,0.0,ศูนย์การแปล
Operational & Service Excellence by CAAS.xlsx,Service_Excellence_by_CAAS,697,2564,ไม่ระบุ,บริการวิชาการแบบมีรายได้,ไม่ระบุ,เอกสารภาษาญี่ปุ่น (Cer. Caffeine),0.0,0.0,0.0,0.0,640.0,0.0,0.0,0.0,ศูนย์การแปล
Operational & Service Excellence by CAAS.xlsx,Service_Excellence_by_CAAS,698,2564,ไม่ระบุ,บริการวิชาการแบบมีรายได้,ไม่ระบุ,ฉลากสินค้าภาษาเยอรมัน NIVEA จำนวน 2 ชิ้น,0.0,0.0,0.0,0.0,1820.0,0.0,0.0,0.0,ศูนย์การแปล
Operational & Service Excellence by CAAS.xlsx,Service_Excellence_by_CAAS,699,2564,ไม่ระบุ,บริการวิชาการแบบมีรายได้,ไม่ระบุ,เอกสารความรู้เกี่ยวกับโรคเอดส์,0.0,0.0,0.0,0.0,5250.0,0.0,0.0,0.0,ศูนย์การแปล
Operational & Service Excellence by CAAS.xlsx,Service_Excellence_by_CAAS,700,2564,ไม่ระบุ,บริการวิชาการแบบมีรายได้,ไม่ระบุ,เอกสารภาษาโปรตุเกส Certificate,0.0,0.0,0.0,0.0,1180.0,0.0,0.0,0.0,ศูนย์การแปล
Operational & Service Excellence by CAAS.xlsx,Service_Excellence_by_CAAS,701,2564,ไม่ระบุ,บริการวิชาการแบบมีรายได้,ไม่ระบุ,คำอ่านและคำแปลอักษรจีน,0.0,0.0,0.0,0.0,530.0,0.0,0.0,0.0,ศูนย์การแปล
Operational & Service Excellence by CAAS.xlsx,Service_Excellence_by_CAAS,702,2564,ไม่ระบุ,บริการวิชาการแบบมีรายได้,ไม่ระบุ,ยาแก้ไอตราเสือดาว สูตรผสมน้ำผึ้งมะนาว สูตร 2,0.0,0.0,0.0,0.0,630.0,0.0,0.0,0.0,ศูนย์การแปล
Operational & Service Excellence by CAAS.xlsx,Service_Excellence_by_CAAS,703,2564,ไม่ระบุ,บริการวิชาการแบบมีรายได้,ไม่ระบุ,Factory License ภาษาญี่ปุ่น,0.0,0.0,0.0,0.0,850.0,0.0,0.0,0.0,ศูนย์การแปล
Operational & Service Excellence by CAAS.xlsx,Service_Excellence_by_CAAS,704,2564,ไม่ระบุ,บริการวิชาการแบบมีรายได้,ไม่ระบุ,ฉลากสินค้าภาษาเกาหลี Real Barrier Control-T จำนวน 4 รายการ,0.0,0.0,0.0,0.0,3760.0,0.0,0.0,0.0,ศูนย์การแปล
Operational & Service Excellence by CAAS.xlsx,Service_Excellence_by_CAAS,705,2564,ไม่ระบุ,บริการวิชาการแบบมีรายได้,ไม่ระบุ,ผลิตภัณฑ์เปลี่ยนสีผม,0.0,0.0,0.0,0.0,3930.0,0.0,0.0,0.0,ศูนย์การแปล
Operational & Service Excellence by CAAS.xlsx,Service_Excellence_by_CAAS,706,2564,ไม่ระบุ,บริการวิชาการแบบมีรายได้,ไม่ระบุ,ตราประทับภาษาจีน,0.0,0.0,0.0,0.0,630.0,0.0,0.0,0.0,ศูนย์การแปล
Operational & Service Excellence by CAAS.xlsx,Service_Excellence_by_CAAS,707,2564,ไม่ระบุ,บริการวิชาการแบบมีรายได้,ไม่ระบุ,TRADING MARK AUTHORIZATON CERTIFICATION,0.0,0.0,0.0,0.0,1180.0,0.0,0.0,0.0,ศูนย์การแปล
Operational & Service Excellence by CAAS.xlsx,Service_Excellence_by_CAAS,708,2564,ไม่ระบุ,บริการวิชาการแบบมีรายได้,ไม่ระบุ,คำอ่านและคำแปลอักษรจีน,0.0,0.0,0.0,0.0,530.0,0.0,0.0,0.0,ศูนย์การแปล
Operational & Service Excellence by CAAS.xlsx,Service_Excellence_by_CAAS,709,2564,ไม่ระบุ,บริการวิชาการแบบมีรายได้,ไม่ระบุ,ใบจบการศึกษาและทรานสคริปต์,0.0,0.0,0.0,0.0,1840.0,0.0,0.0,0.0,ศูนย์การแปล
Operational & Service Excellence by CAAS.xlsx,Service_Excellence_by_CAAS,710,2564,ไม่ระบุ,บริการวิชาการแบบมีรายได้,ไม่ระบุ,Diploma,0.0,0.0,0.0,0.0,1070.0,0.0,0.0,0.0,ศูนย์การแปล
Operational & Service Excellence by CAAS.xlsx,Service_Excellence_by_CAAS,711,2564,ไม่ระบุ,บริการวิชาการแบบมีรายได้,ไม่ระบุ,รายงานผลการทดลอง,0.0,0.0,0.0,0.0,8220.0,0.0,0.0,0.0,ศูนย์การแปล
Operational & Service Excellence by CAAS.xlsx,Service_Excellence_by_CAAS,712,2564,ไม่ระบุ,บริการวิชาการแบบมีรายได้,ไม่ระบุ,ฉลากสินค้าภาษาเกาหลี  Elravie จำนวน 13 รายการ,0.0,0.0,0.0,0.0,11280.0,0.0,0.0,0.0,ศูนย์การแปล
Operational & Service Excellence by CAAS.xlsx,Service_Excellence_by_CAAS,713,2564,ไม่ระบุ,บริการวิชาการแบบมีรายได้,ไม่ระบุ,ฉลากสินค้าภาษาญี่ปุ่น HARU LIFE จำนวน 3 รายการ,0.0,0.0,0.0,0.0,3340.0,0.0,0.0,0.0,ศูนย์การแปล
Operational & Service Excellence by CAAS.xlsx,Service_Excellence_by_CAAS,714,2564,ไม่ระบุ,บริการวิชาการแบบมีรายได้,ไม่ระบุ,เอกสารด้านการศึกษา (ข้อบังคับมหาวิทยาลัยมหิดล จำนวน 3 ฉบับ),0.0,0.0,0.0,0.0,5610.0,0.0,0.0,0.0,ศูนย์การแปล
Operational & Service Excellence by CAAS.xlsx,Service_Excellence_by_CAAS,715,2564,ไม่ระบุ,บริการวิชาการแบบมีรายได้,ไม่ระบุ,เอกสารด้านการศึกษา (หลักเกณฑ์และวิธีการประเมินระดับมาตรฐานอาจารย์ด้านการศึกษา พ.ศ.2563 และผลการประเมินสมรรถนะ),0.0,0.0,0.0,0.0,3300.0,0.0,0.0,0.0,ศูนย์การแปล
Operational & Service Excellence by CAAS.xlsx,Service_Excellence_by_CAAS,716,2564,ไม่ระบุ,บริการวิชาการแบบมีรายได้,ไม่ระบุ,ฉลากสินค้าภาษาเกาหลี Foelli จำนวน 2 รายการ,0.0,0.0,0.0,0.0,1820.0,0.0,0.0,0.0,ศูนย์การแปล
Operational & Service Excellence by CAAS.xlsx,Service_Excellence_by_CAAS,717,2564,ไม่ระบุ,บริการวิชาการแบบมีรายได้,ไม่ระบุ,ชื่อยาและสรรพคุณ,0.0,0.0,0.0,0.0,1960.0,0.0,0.0,0.0,ศูนย์การแปล
Operational & Service Excellence by CAAS.xlsx,Service_Excellence_by_CAAS,718,2564,ไม่ระบุ,บริการวิชาการแบบมีรายได้,ไม่ระบุ,ฉลากผลิตภัณฑ์ MY MELODY 99.9% PURE WATER WET SHEETS WITH CASE,0.0,0.0,0.0,0.0,1290.0,0.0,0.0,0.0,ศูนย์การแปล
Operational & Service Excellence by CAAS.xlsx,Service_Excellence_by_CAAS,719,2564,ไม่ระบุ,บริการวิชาการแบบมีรายได้,ไม่ระบุ,ใบจบการศึกษา,0.0,0.0,0.0,0.0,1290.0,0.0,0.0,0.0,ศูนย์การแปล
Operational & Service Excellence by CAAS.xlsx,Service_Excellence_by_CAAS,720,2564,ไม่ระบุ,บริการวิชาการแบบมีรายได้,ไม่ระบุ,เอกสารภาษาญี่ปุ่น Denim Mask,0.0,0.0,0.0,0.0,960.0,0.0,0.0,0.0,ศูนย์การแปล
Operational & Service Excellence by CAAS.xlsx,Service_Excellence_by_CAAS,721,2564,ไม่ระบุ,บริการวิชาการแบบมีรายได้,ไม่ระบุ,คำอ่านและคำแปลอักษรจีน,0.0,0.0,0.0,0.0,530.0,0.0,0.0,0.0,ศูนย์การแปล
Operational & Service Excellence by CAAS.xlsx,Service_Excellence_by_CAAS,722,2564,ไม่ระบุ,บริการวิชาการแบบมีรายได้,ไม่ระบุ,ตราประทับภาษาจีน,0.0,0.0,0.0,0.0,630.0,0.0,0.0,0.0,ศูนย์การแปล
Operational & Service Excellence by CAAS.xlsx,Service_Excellence_by_CAAS,723,2564,ไม่ระบุ,บริการวิชาการแบบมีรายได้,ไม่ระบุ,เอกสารภาษาเกาหลี,0.0,0.0,0.0,0.0,1400.0,0.0,0.0,0.0,ศูนย์การแปล
Operational & Service Excellence by CAAS.xlsx,Service_Excellence_by_CAAS,724,2564,ไม่ระบุ,บริการวิชาการแบบมีรายได้,ไม่ระบุ,ฉลากสินค้าภาษาญี่ปุ่น จำนวน 4 รายการ,0.0,0.0,0.0,0.0,6840.0,0.0,0.0,0.0,ศูนย์การแปล
Operational & Service Excellence by CAAS.xlsx,Service_Excellence_by_CAAS,725,2564,ไม่ระบุ,บริการวิชาการแบบมีรายได้,ไม่ระบุ,เอกสารภาษาญี่ปุ่น (ISO),0.0,0.0,0.0,0.0,2160.0,0.0,0.0,0.0,ศูนย์การแปล
Operational & Service Excellence by CAAS.xlsx,Service_Excellence_by_CAAS,726,2564,ไม่ระบุ,บริการวิชาการแบบมีรายได้,ไม่ระบุ,เอกสารบริษัท (DBD),0.0,0.0,0.0,0.0,3050.0,0.0,0.0,0.0,ศูนย์การแปล
Operational & Service Excellence by CAAS.xlsx,Service_Excellence_by_CAAS,727,2564,ไม่ระบุ,บริการวิชาการแบบมีรายได้,ไม่ระบุ,กล่องและใบคู่มือการใช้ Toskani Anti-Ageing HA,0.0,0.0,0.0,0.0,2940.0,0.0,0.0,0.0,ศูนย์การแปล
Operational & Service Excellence by CAAS.xlsx,Service_Excellence_by_CAAS,728,2564,ไม่ระบุ,บริการวิชาการแบบมีรายได้,ไม่ระบุ,กล่องและขวดสินค้า Toskani จำนวน 3 รุ่น,0.0,0.0,0.0,0.0,1700.0,0.0,0.0,0.0,ศูนย์การแปล
Operational & Service Excellence by CAAS.xlsx,Service_Excellence_by_CAAS,729,2564,ไม่ระบุ,บริการวิชาการแบบมีรายได้,ไม่ระบุ,ข้อมูลผลิตภัณฑ์ Eucerin,0.0,0.0,0.0,0.0,1180.0,0.0,0.0,0.0,ศูนย์การแปล
Operational & Service Excellence by CAAS.xlsx,Service_Excellence_by_CAAS,730,2564,ไม่ระบุ,บริการวิชาการแบบมีรายได้,ไม่ระบุ,ฉลากสินค้าภาษาญี่ปุ่น จำนวน 2 รายการ,0.0,0.0,0.0,0.0,1620.0,0.0,0.0,0.0,ศูนย์การแปล
Operational & Service Excellence by CAAS.xlsx,Service_Excellence_by_CAAS,731,2564,ไม่ระบุ,บริการวิชาการแบบมีรายได้,ไม่ระบุ,ADDENDUM SPECIAL PROJECT PARTNERSHIP AGREEMENT,0.0,0.0,0.0,0.0,3930.0,0.0,0.0,0.0,ศูนย์การแปล
Operational & Service Excellence by CAAS.xlsx,Service_Excellence_by_CAAS,732,2564,ไม่ระบุ,บริการวิชาการแบบมีรายได้,ไม่ระบุ,เอกสารภาษาญี่ปุ่น (HEPA filter),0.0,0.0,0.0,0.0,1400.0,0.0,0.0,0.0,ศูนย์การแปล
Operational & Service Excellence by CAAS.xlsx,Service_Excellence_by_CAAS,733,2564,ไม่ระบุ,บริการวิชาการแบบมีรายได้,ไม่ระบุ,สัญญาตัวแทนจำหน่ายลูกชิ้นทิพย์,0.0,0.0,0.0,0.0,4590.0,0.0,0.0,0.0,ศูนย์การแปล
Operational & Service Excellence by CAAS.xlsx,Service_Excellence_by_CAAS,734,2564,ไม่ระบุ,บริการวิชาการแบบมีรายได้,ไม่ระบุ,Dopharma,0.0,0.0,0.0,0.0,58380.0,0.0,0.0,0.0,ศูนย์การแปล
Operational & Service Excellence by CAAS.xlsx,Service_Excellence_by_CAAS,735,2564,ไม่ระบุ,บริการวิชาการแบบมีรายได้,ไม่ระบุ,ใบทะเบียนพาณิชย์,0.0,0.0,0.0,0.0,1180.0,0.0,0.0,0.0,ศูนย์การแปล
Operational & Service Excellence by CAAS.xlsx,Service_Excellence_by_CAAS,736,2564,ไม่ระบุ,บริการวิชาการแบบมีรายได้,ไม่ระบุ,"เอกสารภาษาอังกฤษ (test report of IEC 62262, IEC62509 and IES LM 79-80)",0.0,0.0,0.0,0.0,5690.0,0.0,0.0,0.0,ศูนย์การแปล
Operational & Service Excellence by CAAS.xlsx,Service_Excellence_by_CAAS,737,2564,ไม่ระบุ,บริการวิชาการแบบมีรายได้,ไม่ระบุ,เอกสารภาษาเกาหลี SHEMAX,0.0,0.0,0.0,0.0,3600.0,0.0,0.0,0.0,ศูนย์การแปล
Operational & Service Excellence by CAAS.xlsx,Service_Excellence_by_CAAS,738,2564,ไม่ระบุ,บริการวิชาการแบบมีรายได้,ไม่ระบุ,แบบสอบถาม,0.0,0.0,0.0,0.0,640.0,0.0,0.0,0.0,ศูนย์การแปล
Operational & Service Excellence by CAAS.xlsx,Service_Excellence_by_CAAS,739,2564,ไม่ระบุ,บริการวิชาการแบบมีรายได้,ไม่ระบุ,Transcript,0.0,0.0,0.0,0.0,860.0,0.0,0.0,0.0,ศูนย์การแปล
Operational & Service Excellence by CAAS.xlsx,Service_Excellence_by_CAAS,740,2564,ไม่ระบุ,บริการวิชาการแบบมีรายได้,ไม่ระบุ,แบบสอบถาม Epworth Sleepiness Scale for Children and Adolescents,0.0,0.0,0.0,0.0,850.0,0.0,0.0,0.0,ศูนย์การแปล
Operational & Service Excellence by CAAS.xlsx,Service_Excellence_by_CAAS,741,2564,ไม่ระบุ,บริการวิชาการแบบมีรายได้,ไม่ระบุ,ตราประทับภาษาจีน,0.0,0.0,0.0,0.0,530.0,0.0,0.0,0.0,ศูนย์การแปล
Operational & Service Excellence by CAAS.xlsx,Service_Excellence_by_CAAS,742,2564,ไม่ระบุ,บริการวิชาการแบบมีรายได้,ไม่ระบุ,ฉลากสินค้า Dr. Different ภาษาเกาหลี จำนวน 4 รายการ,0.0,0.0,0.0,0.0,5300.0,0.0,0.0,0.0,ศูนย์การแปล
Operational & Service Excellence by CAAS.xlsx,Service_Excellence_by_CAAS,743,2564,ไม่ระบุ,บริการวิชาการแบบมีรายได้,ไม่ระบุ,เอกสารภาษาอังกฤษ (IEC62509),0.0,0.0,0.0,0.0,3520.0,0.0,0.0,0.0,ศูนย์การแปล
Operational & Service Excellence by CAAS.xlsx,Service_Excellence_by_CAAS,744,2564,ไม่ระบุ,บริการวิชาการแบบมีรายได้,ไม่ระบุ,ฉลากสินค้าภาษาญี่ปุ่น (,0.0,0.0,0.0,0.0,1720.0,0.0,0.0,0.0,ศูนย์การแปล
Operational & Service Excellence by CAAS.xlsx,Service_Excellence_by_CAAS,745,2564,ไม่ระบุ,บริการวิชาการแบบมีรายได้,ไม่ระบุ,รายงานผลการทดลองประสิทธิภาพของผลิตภัณฑ์ต่อเชื้อแบคทีเรีย,0.0,0.0,0.0,0.0,2940.0,0.0,0.0,0.0,ศูนย์การแปล
Operational & Service Excellence by CAAS.xlsx,Service_Excellence_by_CAAS,746,2564,ไม่ระบุ,บริการวิชาการแบบมีรายได้,ไม่ระบุ,"ฉลากผลิตภัณฑ์ Paper card, Tube and Washtub Cleaner",0.0,0.0,0.0,0.0,2600.0,0.0,0.0,0.0,ศูนย์การแปล
Operational & Service Excellence by CAAS.xlsx,Service_Excellence_by_CAAS,747,2564,ไม่ระบุ,บริการวิชาการแบบมีรายได้,ไม่ระบุ,HiTEC 4661® in B20,0.0,0.0,0.0,0.0,1510.0,0.0,0.0,0.0,ศูนย์การแปล
Operational & Service Excellence by CAAS.xlsx,Service_Excellence_by_CAAS,748,2564,ไม่ระบุ,บริการวิชาการแบบมีรายได้,ไม่ระบุ,เอกสาร บอจ. 5,0.0,0.0,0.0,0.0,2280.0,0.0,0.0,0.0,ศูนย์การแปล
Operational & Service Excellence by CAAS.xlsx,Service_Excellence_by_CAAS,749,2564,ไม่ระบุ,บริการวิชาการแบบมีรายได้,ไม่ระบุ,ฉลากผลิตภัณฑ์ภาษาญี่ปุ่น ฮูล่า เกิร์ล จำนวน 4 รายการ,0.0,0.0,0.0,0.0,4860.0,0.0,0.0,0.0,ศูนย์การแปล
Operational & Service Excellence by CAAS.xlsx,Service_Excellence_by_CAAS,750,2564,ไม่ระบุ,บริการวิชาการแบบมีรายได้,ไม่ระบุ,DONGKUK PUHANG FACTORY (Certificated),0.0,0.0,0.0,0.0,1180.0,0.0,0.0,0.0,ศูนย์การแปล
Operational & Service Excellence by CAAS.xlsx,Service_Excellence_by_CAAS,751,2564,ไม่ระบุ,บริการวิชาการแบบมีรายได้,ไม่ระบุ,คำอ่านและคำแปลอักษรจีน,0.0,0.0,0.0,0.0,630.0,0.0,0.0,0.0,ศูนย์การแปล
Operational & Service Excellence by CAAS.xlsx,Service_Excellence_by_CAAS,752,2564,ไม่ระบุ,บริการวิชาการแบบมีรายได้,ไม่ระบุ,เอกสารภาษาจีน SDS,0.0,0.0,0.0,0.0,5280.0,0.0,0.0,0.0,ศูนย์การแปล
Operational & Service Excellence by CAAS.xlsx,Service_Excellence_by_CAAS,753,2564,ไม่ระบุ,บริการวิชาการแบบมีรายได้,ไม่ระบุ,เครื่องมือสำหรับงานวิจัย CEMS,0.0,0.0,0.0,0.0,1070.0,0.0,0.0,0.0,ศูนย์การแปล
Operational & Service Excellence by CAAS.xlsx,Service_Excellence_by_CAAS,754,2564,ไม่ระบุ,บริการวิชาการแบบมีรายได้,ไม่ระบุ,ยาหม่อง ตราบัวแก้ว,0.0,0.0,0.0,0.0,1180.0,0.0,0.0,0.0,ศูนย์การแปล
Operational & Service Excellence by CAAS.xlsx,Service_Excellence_by_CAAS,755,2564,ไม่ระบุ,บริการวิชาการแบบมีรายได้,ไม่ระบุ,เอกสารภาษาจีน,0.0,0.0,0.0,0.0,630.0,0.0,0.0,0.0,ศูนย์การแปล
Operational & Service Excellence by CAAS.xlsx,Service_Excellence_by_CAAS,756,2564,ไม่ระบุ,บริการวิชาการแบบมีรายได้,ไม่ระบุ,Pesticide Residue in Imported Processed Foods,0.0,0.0,0.0,0.0,5580.0,0.0,0.0,0.0,ศูนย์การแปล
Operational & Service Excellence by CAAS.xlsx,Service_Excellence_by_CAAS,757,2564,ไม่ระบุ,บริการวิชาการแบบมีรายได้,ไม่ระบุ,หนังสือรับรอง JFS-B,0.0,0.0,0.0,0.0,1190.0,0.0,0.0,0.0,ศูนย์การแปล
Operational & Service Excellence by CAAS.xlsx,Service_Excellence_by_CAAS,758,2564,ไม่ระบุ,บริการวิชาการแบบมีรายได้,ไม่ระบุ,กล่องผลิตภัณฑ์ภาษาเกาหลี จำนวน 2 รายการ,0.0,0.0,0.0,0.0,2040.0,0.0,0.0,0.0,ศูนย์การแปล
Operational & Service Excellence by CAAS.xlsx,Service_Excellence_by_CAAS,759,2564,ไม่ระบุ,บริการวิชาการแบบมีรายได้,ไม่ระบุ,ปริญญาบัตร และทรานสคริปต์,0.0,0.0,0.0,0.0,2680.0,0.0,0.0,0.0,ศูนย์การแปล
Operational & Service Excellence by CAAS.xlsx,Service_Excellence_by_CAAS,760,2564,ไม่ระบุ,บริการวิชาการแบบมีรายได้,ไม่ระบุ,ประกาศคณะทันตแทพยศาสตร์ มหาวิทยาลัยมหิดล จำนวน 5 ฉบับ,0.0,0.0,0.0,0.0,12255.0,0.0,0.0,0.0,ศูนย์การแปล
Operational & Service Excellence by CAAS.xlsx,Service_Excellence_by_CAAS,761,2564,ไม่ระบุ,บริการวิชาการแบบมีรายได้,ไม่ระบุ,คำอ่านและคำแปลอักษรจีน,0.0,0.0,0.0,0.0,630.0,0.0,0.0,0.0,ศูนย์การแปล
Operational & Service Excellence by CAAS.xlsx,Service_Excellence_by_CAAS,762,2564,ไม่ระบุ,บริการวิชาการแบบมีรายได้,ไม่ระบุ,หนังสือรับรอง FSSC22000,0.0,0.0,0.0,0.0,1290.0,0.0,0.0,0.0,ศูนย์การแปล
Operational & Service Excellence by CAAS.xlsx,Service_Excellence_by_CAAS,763,2564,ไม่ระบุ,บริการวิชาการแบบมีรายได้,ไม่ระบุ,เครื่องหมายการค้า,0.0,0.0,0.0,0.0,4150.0,0.0,0.0,0.0,ศูนย์การแปล
Operational & Service Excellence by CAAS.xlsx,Service_Excellence_by_CAAS,764,2564,ไม่ระบุ,บริการวิชาการแบบมีรายได้,ไม่ระบุ,ฉลากผลิตภัณฑ์เกาหลี TAE-JAENG-YI BODY CLEAN GEL PURPLE,0.0,0.0,0.0,0.0,1070.0,0.0,0.0,0.0,ศูนย์การแปล
Operational & Service Excellence by CAAS.xlsx,Service_Excellence_by_CAAS,765,2564,ไม่ระบุ,บริการวิชาการแบบมีรายได้,ไม่ระบุ,ฉลากผลิตภัณฑ์เกาหลี ELISHACOY MY BALANCE MIST COOLING,0.0,0.0,0.0,0.0,1070.0,0.0,0.0,0.0,ศูนย์การแปล
Operational & Service Excellence by CAAS.xlsx,Service_Excellence_by_CAAS,766,2564,ไม่ระบุ,บริการวิชาการแบบมีรายได้,ไม่ระบุ,ฉลากผลิตภัณฑ์เกาหลี Dr. Pelo Scalp Tonic Sheet,0.0,0.0,0.0,0.0,1070.0,0.0,0.0,0.0,ศูนย์การแปล
Operational & Service Excellence by CAAS.xlsx,Service_Excellence_by_CAAS,767,2564,ไม่ระบุ,บริการวิชาการแบบมีรายได้,ไม่ระบุ,ตราประทับภาษาจีน,0.0,0.0,0.0,0.0,630.0,0.0,0.0,0.0,ศูนย์การแปล
Operational & Service Excellence by CAAS.xlsx,Service_Excellence_by_CAAS,768,2564,ไม่ระบุ,บริการวิชาการแบบมีรายได้,ไม่ระบุ,ฉลากสินค้าภาษาญี่ปุ่น (Hand Cream),0.0,0.0,0.0,0.0,630.0,0.0,0.0,0.0,ศูนย์การแปล
Operational & Service Excellence by CAAS.xlsx,Service_Excellence_by_CAAS,769,2564,ไม่ระบุ,บริการวิชาการแบบมีรายได้,ไม่ระบุ,น้ำตาลสุรินทร์,0.0,0.0,0.0,0.0,2880.0,0.0,0.0,0.0,ศูนย์การแปล
Operational & Service Excellence by CAAS.xlsx,Service_Excellence_by_CAAS,770,2564,ไม่ระบุ,บริการวิชาการแบบมีรายได้,ไม่ระบุ,รายงานผล Lab,0.0,0.0,0.0,0.0,1400.0,0.0,0.0,0.0,ศูนย์การแปล
Operational & Service Excellence by CAAS.xlsx,Service_Excellence_by_CAAS,771,2564,ไม่ระบุ,บริการวิชาการแบบมีรายได้,ไม่ระบุ,ฉลากสินค้าภาษาเกาหลี จำนวน 13 รายการ,0.0,0.0,0.0,0.0,11280.0,0.0,0.0,0.0,ศูนย์การแปล
Operational & Service Excellence by CAAS.xlsx,Service_Excellence_by_CAAS,772,2564,ไม่ระบุ,บริการวิชาการแบบมีรายได้,ไม่ระบุ,ตราประทับภาษาจีน,0.0,0.0,0.0,0.0,630.0,0.0,0.0,0.0,ศูนย์การแปล
Operational & Service Excellence by CAAS.xlsx,Service_Excellence_by_CAAS,773,2564,ไม่ระบุ,บริการวิชาการแบบมีรายได้,ไม่ระบุ,คำอ่านและคำแปลอักษรจีน,0.0,0.0,0.0,0.0,630.0,0.0,0.0,0.0,ศูนย์การแปล
Operational & Service Excellence by CAAS.xlsx,Service_Excellence_by_CAAS,774,2564,ไม่ระบุ,บริการวิชาการแบบมีรายได้,ไม่ระบุ,ฉลากผลิตภัณฑ์ญี่ปุ่น Washable Cloth Mask จำนวน 2 รายการ,0.0,0.0,0.0,0.0,2150.0,0.0,0.0,0.0,ศูนย์การแปล
Operational & Service Excellence by CAAS.xlsx,Service_Excellence_by_CAAS,775,2564,ไม่ระบุ,บริการวิชาการแบบมีรายได้,ไม่ระบุ,ผลิตภัณฑ์ LOLANE PIXXELPRO KERATINSMOOTH ONESTEP XOLUTION,0.0,0.0,0.0,0.0,1400.0,0.0,0.0,0.0,ศูนย์การแปล
Operational & Service Excellence by CAAS.xlsx,Service_Excellence_by_CAAS,776,2564,ไม่ระบุ,บริการวิชาการแบบมีรายได้,ไม่ระบุ,ใบยินยอมจากผู้ป่วยสำหรับการเผยแพร่ภาพและข้อมูล,0.0,0.0,0.0,0.0,850.0,0.0,0.0,0.0,ศูนย์การแปล
Operational & Service Excellence by CAAS.xlsx,Service_Excellence_by_CAAS,777,2564,ไม่ระบุ,บริการวิชาการแบบมีรายได้,ไม่ระบุ,หนังสือรับรอง ISO,0.0,0.0,0.0,0.0,1290.0,0.0,0.0,0.0,ศูนย์การแปล
Operational & Service Excellence by CAAS.xlsx,Service_Excellence_by_CAAS,778,2564,ไม่ระบุ,บริการวิชาการแบบมีรายได้,ไม่ระบุ,ใบปริญญา ใบรับรองคุณวุฒิ และใบทรานสคริปต์,0.0,0.0,0.0,0.0,2940.0,0.0,0.0,0.0,ศูนย์การแปล
Operational & Service Excellence by CAAS.xlsx,Service_Excellence_by_CAAS,779,2564,ไม่ระบุ,บริการวิชาการแบบมีรายได้,ไม่ระบุ,ฉลากผลิตภัณฑ์ภาษาญี่ปุ่น Honey Cosmetics จำนวน 4 รายการ,0.0,0.0,0.0,0.0,6180.0,0.0,0.0,0.0,ศูนย์การแปล
Operational & Service Excellence by CAAS.xlsx,Service_Excellence_by_CAAS,780,2564,ไม่ระบุ,บริการวิชาการแบบมีรายได้,ไม่ระบุ,ฉลากผลิตภัณฑ์ทำความสะอาด,0.0,0.0,0.0,0.0,1070.0,0.0,0.0,0.0,ศูนย์การแปล
Operational & Service Excellence by CAAS.xlsx,Service_Excellence_by_CAAS,781,2564,ไม่ระบุ,บริการวิชาการแบบมีรายได้,ไม่ระบุ,ฉลากผลิตภัณฑ์ญี่ปุ่น Detergent for mask,0.0,0.0,0.0,0.0,1290.0,0.0,0.0,0.0,ศูนย์การแปล
Operational & Service Excellence by CAAS.xlsx,Service_Excellence_by_CAAS,782,2564,ไม่ระบุ,บริการวิชาการแบบมีรายได้,ไม่ระบุ,ฉลากผลิตภัณฑ์ญี่ปุ่น Washable Mask (black),0.0,0.0,0.0,0.0,1630.0,0.0,0.0,0.0,ศูนย์การแปล
Operational & Service Excellence by CAAS.xlsx,Service_Excellence_by_CAAS,783,2564,ไม่ระบุ,บริการวิชาการแบบมีรายได้,ไม่ระบุ,เอกสารภาษาเกาหลี,0.0,0.0,0.0,0.0,960.0,0.0,0.0,0.0,ศูนย์การแปล
Operational & Service Excellence by CAAS.xlsx,Service_Excellence_by_CAAS,784,2564,ไม่ระบุ,บริการวิชาการแบบมีรายได้,ไม่ระบุ,ข้อความภาษาจีน,0.0,0.0,0.0,0.0,630.0,0.0,0.0,0.0,ศูนย์การแปล
Operational & Service Excellence by CAAS.xlsx,Service_Excellence_by_CAAS,785,2564,ไม่ระบุ,บริการวิชาการแบบมีรายได้,ไม่ระบุ,ฉลากผลิตภัณฑ์ภาษาเกาหลี จำนวน 9 รายการ,0.0,0.0,0.0,0.0,8830.0,0.0,0.0,0.0,ศูนย์การแปล
Operational & Service Excellence by CAAS.xlsx,Service_Excellence_by_CAAS,786,2564,ไม่ระบุ,บริการวิชาการแบบมีรายได้,ไม่ระบุ,Vendor verification,0.0,0.0,0.0,0.0,8770.0,0.0,0.0,0.0,ศูนย์การแปล
Operational & Service Excellence by CAAS.xlsx,Service_Excellence_by_CAAS,787,2564,ไม่ระบุ,บริการวิชาการแบบมีรายได้,ไม่ระบุ,แบบสอบถาม จำนวน 2 ชุด,0.0,0.0,0.0,0.0,2060.0,0.0,0.0,0.0,ศูนย์การแปล
Operational & Service Excellence by CAAS.xlsx,Service_Excellence_by_CAAS,788,2564,ไม่ระบุ,บริการวิชาการแบบมีรายได้,ไม่ระบุ,ฉลากผลิตภัณฑ์ญี่ปุ่น Glass Cleaner,0.0,0.0,0.0,0.0,1290.0,0.0,0.0,0.0,ศูนย์การแปล
Operational & Service Excellence by CAAS.xlsx,Service_Excellence_by_CAAS,789,2564,ไม่ระบุ,บริการวิชาการแบบมีรายได้,ไม่ระบุ,Dongkuk Trade Mark,0.0,0.0,0.0,0.0,6900.0,0.0,0.0,0.0,ศูนย์การแปล
Operational & Service Excellence by CAAS.xlsx,Service_Excellence_by_CAAS,790,2564,ไม่ระบุ,บริการวิชาการแบบมีรายได้,ไม่ระบุ,Certificate,0.0,0.0,0.0,0.0,3250.0,0.0,0.0,0.0,ศูนย์การแปล
Operational & Service Excellence by CAAS.xlsx,Service_Excellence_by_CAAS,791,2564,ไม่ระบุ,บริการวิชาการแบบมีรายได้,ไม่ระบุ,ไฟล์งานซิน,0.0,0.0,0.0,0.0,850.0,0.0,0.0,0.0,ศูนย์การแปล
Operational & Service Excellence by CAAS.xlsx,Service_Excellence_by_CAAS,792,2564,ไม่ระบุ,บริการวิชาการแบบมีรายได้,ไม่ระบุ,ฉลากผลิตภัณฑ์เกาหลี จำนวน 1 รายการ,0.0,0.0,0.0,0.0,960.0,0.0,0.0,0.0,ศูนย์การแปล
Operational & Service Excellence by CAAS.xlsx,Service_Excellence_by_CAAS,793,2564,ไม่ระบุ,บริการวิชาการแบบมีรายได้,ไม่ระบุ,ใบอนุญาต,0.0,0.0,0.0,0.0,1180.0,0.0,0.0,0.0,ศูนย์การแปล
Operational & Service Excellence by CAAS.xlsx,Service_Excellence_by_CAAS,794,2564,ไม่ระบุ,บริการวิชาการแบบมีรายได้,ไม่ระบุ,ฉลากผลิตภัณฑ์ญี่ปุ่น Hand Milk,0.0,0.0,0.0,0.0,2280.0,0.0,0.0,0.0,ศูนย์การแปล
Operational & Service Excellence by CAAS.xlsx,Service_Excellence_by_CAAS,795,2564,ไม่ระบุ,บริการวิชาการแบบมีรายได้,ไม่ระบุ,หนังสือรับรอง,0.0,0.0,0.0,0.0,4120.0,0.0,0.0,0.0,ศูนย์การแปล
Operational & Service Excellence by CAAS.xlsx,Service_Excellence_by_CAAS,796,2564,ไม่ระบุ,บริการวิชาการแบบมีรายได้,ไม่ระบุ,ข้อความภาษาเกาหลี,0.0,0.0,0.0,0.0,630.0,0.0,0.0,0.0,ศูนย์การแปล
Operational & Service Excellence by CAAS.xlsx,Service_Excellence_by_CAAS,797,2564,ไม่ระบุ,บริการวิชาการแบบมีรายได้,ไม่ระบุ,ฉลากผลิตภัณฑ์เกาหลี DAYANG,0.0,0.0,0.0,0.0,1070.0,0.0,0.0,0.0,ศูนย์การแปล
Operational & Service Excellence by CAAS.xlsx,Service_Excellence_by_CAAS,798,2564,ไม่ระบุ,บริการวิชาการแบบมีรายได้,ไม่ระบุ,ฉลากผลิตภัณฑ์เกาหลี Fish Collagen,0.0,0.0,0.0,0.0,1180.0,0.0,0.0,0.0,ศูนย์การแปล
Operational & Service Excellence by CAAS.xlsx,Service_Excellence_by_CAAS,799,2564,ไม่ระบุ,บริการวิชาการแบบมีรายได้,ไม่ระบุ,แบบประเมิน CAM-S,0.0,0.0,0.0,0.0,850.0,0.0,0.0,0.0,ศูนย์การแปล
Operational & Service Excellence by CAAS.xlsx,Service_Excellence_by_CAAS,800,2564,ไม่ระบุ,บริการวิชาการแบบมีรายได้,ไม่ระบุ,ฉลากผลิตภัณฑ์ญี่ปุ่น กาวซากุระ,0.0,0.0,0.0,0.0,3930.0,0.0,0.0,0.0,ศูนย์การแปล
Operational & Service Excellence by CAAS.xlsx,Service_Excellence_by_CAAS,801,2564,ไม่ระบุ,บริการวิชาการแบบมีรายได้,ไม่ระบุ,ภาษาบนบรรจุภัณฑ์,0.0,0.0,0.0,0.0,2480.0,0.0,0.0,0.0,ศูนย์การแปล
Operational & Service Excellence by CAAS.xlsx,Service_Excellence_by_CAAS,802,2564,ไม่ระบุ,บริการวิชาการแบบมีรายได้,ไม่ระบุ,ฉลากผลิตภัณฑ์เกาหลี FRUDIA จำนวน 8 รายการ,0.0,0.0,0.0,0.0,6980.0,0.0,0.0,0.0,ศูนย์การแปล
Operational & Service Excellence by CAAS.xlsx,Service_Excellence_by_CAAS,803,2564,ไม่ระบุ,บริการวิชาการแบบมีรายได้,ไม่ระบุ,สมุดภาพพระพุทธประวัติ และประวัติพระพุทธเจ้า 29 องค์,0.0,0.0,0.0,0.0,167800.0,0.0,0.0,0.0,ศูนย์การแปล
Operational & Service Excellence by CAAS.xlsx,Service_Excellence_by_CAAS,804,2564,ไม่ระบุ,บริการวิชาการแบบมีรายได้,ไม่ระบุ,สัญญาค่าเช่าอาคาร,0.0,0.0,0.0,0.0,6930.0,0.0,0.0,0.0,ศูนย์การแปล
Operational & Service Excellence by CAAS.xlsx,Service_Excellence_by_CAAS,805,2564,ไม่ระบุ,บริการวิชาการแบบมีรายได้,ไม่ระบุ,ประกาศนโยบายคุ้มครองข้อมูลส่วนบุคคล พ.ศ. 2563,0.0,0.0,0.0,0.0,6600.0,0.0,0.0,0.0,ศูนย์การแปล
Operational & Service Excellence by CAAS.xlsx,Service_Excellence_by_CAAS,806,2564,ไม่ระบุ,บริการวิชาการแบบมีรายได้,ไม่ระบุ,หนังสือรับรอง ISO,0.0,0.0,0.0,0.0,2480.0,0.0,0.0,0.0,ศูนย์การแปล
Operational & Service Excellence by CAAS.xlsx,Service_Excellence_by_CAAS,807,2564,ไม่ระบุ,บริการวิชาการแบบมีรายได้,ไม่ระบุ,ฉลากผลิตภัณฑ์ญี่ปุ่น Mouth Tape และ Corn Cutter,0.0,0.0,0.0,0.0,2150.0,0.0,0.0,0.0,ศูนย์การแปล
Operational & Service Excellence by CAAS.xlsx,Service_Excellence_by_CAAS,808,2564,ไม่ระบุ,บริการวิชาการแบบมีรายได้,ไม่ระบุ,ฉลากผลิตภัณฑ์เกาหลี RIEW HYALURON AMPOULE,0.0,0.0,0.0,0.0,1620.0,0.0,0.0,0.0,ศูนย์การแปล
Operational & Service Excellence by CAAS.xlsx,Service_Excellence_by_CAAS,809,2564,ไม่ระบุ,บริการวิชาการแบบมีรายได้,ไม่ระบุ,ใบรายงานผลการศึกษาและปริญญาบัตร,0.0,0.0,0.0,0.0,1290.0,0.0,0.0,0.0,ศูนย์การแปล
Operational & Service Excellence by CAAS.xlsx,Service_Excellence_by_CAAS,810,2564,ไม่ระบุ,บริการวิชาการแบบมีรายได้,ไม่ระบุ,เอกสารภาษาญี่ปุ่น,0.0,0.0,0.0,0.0,10210.0,0.0,0.0,0.0,ศูนย์การแปล
Operational & Service Excellence by CAAS.xlsx,Service_Excellence_by_CAAS,811,2564,ไม่ระบุ,บริการวิชาการแบบมีรายได้,ไม่ระบุ,IRMA: Illinois Rape Myth Acceptance Scale,0.0,0.0,0.0,0.0,1950.0,0.0,0.0,0.0,ศูนย์การแปล
Operational & Service Excellence by CAAS.xlsx,Service_Excellence_by_CAAS,812,2564,ไม่ระบุ,บริการวิชาการแบบมีรายได้,ไม่ระบุ,ฉลากผลิตภัณฑ์เกาหลี RAPPOL,0.0,0.0,0.0,0.0,1080.0,0.0,0.0,0.0,ศูนย์การแปล
Operational & Service Excellence by CAAS.xlsx,Service_Excellence_by_CAAS,813,2564,ไม่ระบุ,บริการวิชาการแบบมีรายได้,ไม่ระบุ,กล่องผลิตภัณฑ์ญี่ปุ่น And Kisera,0.0,0.0,0.0,0.0,960.0,0.0,0.0,0.0,ศูนย์การแปล
Operational & Service Excellence by CAAS.xlsx,Service_Excellence_by_CAAS,814,2564,ไม่ระบุ,บริการวิชาการแบบมีรายได้,ไม่ระบุ,ฉลากผลิตภัณฑ์เกาหลี Riew จำนวน 2 รายการ,0.0,0.0,0.0,0.0,2480.0,0.0,0.0,0.0,ศูนย์การแปล
Operational & Service Excellence by CAAS.xlsx,Service_Excellence_by_CAAS,815,2564,ไม่ระบุ,บริการวิชาการแบบมีรายได้,ไม่ระบุ,ฉลากผลิตภัณฑ์เกาหลี Mask  จำนวน 3 รายการ,0.0,0.0,0.0,0.0,2680.0,0.0,0.0,0.0,ศูนย์การแปล
Operational & Service Excellence by CAAS.xlsx,Service_Excellence_by_CAAS,816,2564,ไม่ระบุ,บริการวิชาการแบบมีรายได้,ไม่ระบุ,ฉลากผลิตภัณฑ์เกาหลี Wellage Ampoule  จำนวน 5 รายการ,0.0,0.0,0.0,0.0,4950.0,0.0,0.0,0.0,ศูนย์การแปล
Operational & Service Excellence by CAAS.xlsx,Service_Excellence_by_CAAS,817,2564,ไม่ระบุ,บริการวิชาการแบบมีรายได้,ไม่ระบุ,ฉลากผลิตภัณฑ์เครื่องมือแพทย์ ผ้า Gauze,0.0,0.0,0.0,0.0,960.0,0.0,0.0,0.0,ศูนย์การแปล
Operational & Service Excellence by CAAS.xlsx,Service_Excellence_by_CAAS,818,2564,ไม่ระบุ,บริการวิชาการแบบมีรายได้,ไม่ระบุ,ฉลากสินค้าญี่ปุ่น noodle  จำนวน 6 รายการ,0.0,0.0,0.0,0.0,10930.0,0.0,0.0,0.0,ศูนย์การแปล
Operational & Service Excellence by CAAS.xlsx,Service_Excellence_by_CAAS,819,2564,ไม่ระบุ,บริการวิชาการแบบมีรายได้,ไม่ระบุ,ฉลากสินค้าญี่ปุ่น JFDA  จำนวน 3 รายการ,0.0,0.0,0.0,0.0,2970.0,0.0,0.0,0.0,ศูนย์การแปล
Operational & Service Excellence by CAAS.xlsx,Service_Excellence_by_CAAS,820,2564,ไม่ระบุ,บริการวิชาการแบบมีรายได้,ไม่ระบุ,ข้อความภาษาจีน,0.0,0.0,0.0,0.0,860.0,0.0,0.0,0.0,ศูนย์การแปล
Operational & Service Excellence by CAAS.xlsx,Service_Excellence_by_CAAS,821,2564,ไม่ระบุ,บริการวิชาการแบบมีรายได้,ไม่ระบุ,บทบรรยายวีดิทัศน์,0.0,0.0,0.0,0.0,1950.0,0.0,0.0,0.0,ศูนย์การแปล
Operational & Service Excellence by CAAS.xlsx,Service_Excellence_by_CAAS,822,2564,ไม่ระบุ,บริการวิชาการแบบมีรายได้,ไม่ระบุ,Takao ISO22000,0.0,0.0,0.0,0.0,1190.0,0.0,0.0,0.0,ศูนย์การแปล
Operational & Service Excellence by CAAS.xlsx,Service_Excellence_by_CAAS,823,2564,ไม่ระบุ,บริการวิชาการแบบมีรายได้,ไม่ระบุ,Takao seiman product standard,0.0,0.0,0.0,0.0,5700.0,0.0,0.0,0.0,ศูนย์การแปล
Operational & Service Excellence by CAAS.xlsx,Service_Excellence_by_CAAS,824,2564,ไม่ระบุ,บริการวิชาการแบบมีรายได้,ไม่ระบุ,ฉลากสินค้าเกาหลี Grain Friend จำนวน 3 รายการ,0.0,0.0,0.0,0.0,1950.0,0.0,0.0,0.0,ศูนย์การแปล
Operational & Service Excellence by CAAS.xlsx,Service_Excellence_by_CAAS,825,2564,ไม่ระบุ,บริการวิชาการแบบมีรายได้,ไม่ระบุ,ตัวอักษรภาษาญี่ปุ่น,0.0,0.0,0.0,0.0,630.0,0.0,0.0,0.0,ศูนย์การแปล
Operational & Service Excellence by CAAS.xlsx,Service_Excellence_by_CAAS,826,2564,ไม่ระบุ,บริการวิชาการแบบมีรายได้,ไม่ระบุ,ใบรับรองวัคซีน ซิโนฟาร์ม,0.0,0.0,0.0,0.0,750.0,0.0,0.0,0.0,ศูนย์การแปล
Operational & Service Excellence by CAAS.xlsx,Service_Excellence_by_CAAS,827,2564,ไม่ระบุ,บริการวิชาการแบบมีรายได้,ไม่ระบุ,เอกสารกำกับเครื่องมือแพทย์,0.0,0.0,0.0,0.0,27030.0,0.0,0.0,0.0,ศูนย์การแปล
Operational & Service Excellence by CAAS.xlsx,Service_Excellence_by_CAAS,828,2564,ไม่ระบุ,บริการวิชาการแบบมีรายได้,ไม่ระบุ,เอกสารภาษาญี่ปุ่น,0.0,0.0,0.0,0.0,6900.0,0.0,0.0,0.0,ศูนย์การแปล
Operational & Service Excellence by CAAS.xlsx,Service_Excellence_by_CAAS,829,2564,ไม่ระบุ,บริการวิชาการแบบมีรายได้,ไม่ระบุ,หนังสือตัวแทนจำหน่าย,0.0,0.0,0.0,0.0,630.0,0.0,0.0,0.0,ศูนย์การแปล
Operational & Service Excellence by CAAS.xlsx,Service_Excellence_by_CAAS,830,2564,ไม่ระบุ,บริการวิชาการแบบมีรายได้,ไม่ระบุ,หนังสือรับรองจาก อย. จำนวน 2 ฉบับ,0.0,0.0,0.0,0.0,2150.0,0.0,0.0,0.0,ศูนย์การแปล
Operational & Service Excellence by CAAS.xlsx,Service_Excellence_by_CAAS,831,2564,ไม่ระบุ,บริการวิชาการแบบมีรายได้,ไม่ระบุ,ฉลากผลิตภัณฑ์ภาษาญี่ปุ่น Gel Cleaner,0.0,0.0,0.0,0.0,1180.0,0.0,0.0,0.0,ศูนย์การแปล
Operational & Service Excellence by CAAS.xlsx,Service_Excellence_by_CAAS,832,2564,ไม่ระบุ,บริการวิชาการแบบมีรายได้,ไม่ระบุ,ประกาศวินัยนักศึกษา และประกาศการเบิกจ่าย,0.0,0.0,0.0,0.0,32725.0,0.0,0.0,0.0,ศูนย์การแปล
Operational & Service Excellence by CAAS.xlsx,Service_Excellence_by_CAAS,833,2564,ไม่ระบุ,บริการวิชาการแบบมีรายได้,ไม่ระบุ,ฉลากผลิตภัณฑ์ภาษาญี่ปุ่น Aroma Series,0.0,0.0,0.0,0.0,2600.0,0.0,0.0,0.0,ศูนย์การแปล
Operational & Service Excellence by CAAS.xlsx,Service_Excellence_by_CAAS,834,2564,ไม่ระบุ,บริการวิชาการแบบมีรายได้,ไม่ระบุ,ใบรับรองการศึกษา,0.0,0.0,0.0,0.0,850.0,0.0,0.0,0.0,ศูนย์การแปล
Operational & Service Excellence by CAAS.xlsx,Service_Excellence_by_CAAS,835,2564,ไม่ระบุ,บริการวิชาการแบบมีรายได้,ไม่ระบุ,Policy,0.0,0.0,0.0,0.0,1290.0,0.0,0.0,0.0,ศูนย์การแปล
Operational & Service Excellence by CAAS.xlsx,Service_Excellence_by_CAAS,836,2564,ไม่ระบุ,บริการวิชาการแบบมีรายได้,ไม่ระบุ,ฉลากผลิตภัณฑ์เกาหลี Ongredients Hya,0.0,0.0,0.0,0.0,960.0,0.0,0.0,0.0,ศูนย์การแปล
Operational & Service Excellence by CAAS.xlsx,Service_Excellence_by_CAAS,837,2564,ไม่ระบุ,บริการวิชาการแบบมีรายได้,ไม่ระบุ,เอกสาร ISO,0.0,0.0,0.0,0.0,1180.0,0.0,0.0,0.0,ศูนย์การแปล
Operational & Service Excellence by CAAS.xlsx,Service_Excellence_by_CAAS,838,2564,ไม่ระบุ,บริการวิชาการแบบมีรายได้,ไม่ระบุ,การใช้งานพิกเซลล โปร คัลเลอร์ครีม,0.0,0.0,0.0,0.0,1840.0,0.0,0.0,0.0,ศูนย์การแปล
Operational & Service Excellence by CAAS.xlsx,Service_Excellence_by_CAAS,839,2564,ไม่ระบุ,บริการวิชาการแบบมีรายได้,ไม่ระบุ,เอกสารบรีฟ AW Lolane ITC Fast Blow Dry,0.0,0.0,0.0,0.0,1070.0,0.0,0.0,0.0,ศูนย์การแปล
Operational & Service Excellence by CAAS.xlsx,Service_Excellence_by_CAAS,840,2564,ไม่ระบุ,บริการวิชาการแบบมีรายได้,ไม่ระบุ,เอกสาร ISO,0.0,0.0,0.0,0.0,550.0,0.0,0.0,0.0,ศูนย์การแปล
Operational & Service Excellence by CAAS.xlsx,Service_Excellence_by_CAAS,841,2564,ไม่ระบุ,บริการวิชาการแบบมีรายได้,ไม่ระบุ,ใบปริญญาบัตร,0.0,0.0,0.0,0.0,1840.0,0.0,0.0,0.0,ศูนย์การแปล
Operational & Service Excellence by CAAS.xlsx,Service_Excellence_by_CAAS,842,2564,ไม่ระบุ,บริการวิชาการแบบมีรายได้,ไม่ระบุ,เอกสาร ISO,0.0,0.0,0.0,0.0,1080.0,0.0,0.0,0.0,ศูนย์การแปล
Operational & Service Excellence by CAAS.xlsx,Service_Excellence_by_CAAS,843,2564,ไม่ระบุ,บริการวิชาการแบบมีรายได้,ไม่ระบุ,เอกสารภาษาญี่ปุ่น,0.0,0.0,0.0,0.0,3820.0,0.0,0.0,0.0,ศูนย์การแปล
Operational & Service Excellence by CAAS.xlsx,Service_Excellence_by_CAAS,844,2564,ไม่ระบุ,บริการวิชาการแบบมีรายได้,ไม่ระบุ,ฉลากผลิตภัณฑ์เกาหลี Ongredients  จำนวน 2 รายการ,0.0,0.0,0.0,0.0,1620.0,0.0,0.0,0.0,ศูนย์การแปล
Operational & Service Excellence by CAAS.xlsx,Service_Excellence_by_CAAS,845,2564,ไม่ระบุ,บริการวิชาการแบบมีรายได้,ไม่ระบุ,ฉลากผลิตภัณฑ์เกาหลี Vegihi High Tension Energy Ampoule,0.0,0.0,0.0,0.0,970.0,0.0,0.0,0.0,ศูนย์การแปล
Operational & Service Excellence by CAAS.xlsx,Service_Excellence_by_CAAS,846,2564,ไม่ระบุ,บริการวิชาการแบบมีรายได้,ไม่ระบุ,ฉลากผลิตภัณฑ์เกาหลี 2 รายการ (CAU LAB และ BLENDGARDEN),0.0,0.0,0.0,0.0,1940.0,0.0,0.0,0.0,ศูนย์การแปล
Operational & Service Excellence by CAAS.xlsx,Service_Excellence_by_CAAS,847,2564,ไม่ระบุ,บริการวิชาการแบบมีรายได้,ไม่ระบุ,ฉลากผลิตภัณฑ์เกาหลี cheese jerky,0.0,0.0,0.0,0.0,850.0,0.0,0.0,0.0,ศูนย์การแปล
Operational & Service Excellence by CAAS.xlsx,Service_Excellence_by_CAAS,848,2564,ไม่ระบุ,บริการวิชาการแบบมีรายได้,ไม่ระบุ,ฉลากผลิตภัณฑ์ญี่ปุ่น extendable mask จำนวน 4 รายการ,0.0,0.0,0.0,0.0,2660.0,0.0,0.0,0.0,ศูนย์การแปล
Operational & Service Excellence by CAAS.xlsx,Service_Excellence_by_CAAS,849,2564,ไม่ระบุ,บริการวิชาการแบบมีรายได้,ไม่ระบุ,ฉลากผลิตภัณฑ์เกาหลี Junivuni,0.0,0.0,0.0,0.0,960.0,0.0,0.0,0.0,ศูนย์การแปล
Operational & Service Excellence by CAAS.xlsx,Service_Excellence_by_CAAS,850,2564,ไม่ระบุ,บริการวิชาการแบบมีรายได้,ไม่ระบุ,Registragion Certificate,0.0,0.0,0.0,0.0,1180.0,0.0,0.0,0.0,ศูนย์การแปล
Operational & Service Excellence by CAAS.xlsx,Service_Excellence_by_CAAS,851,2564,ไม่ระบุ,บริการวิชาการแบบมีรายได้,ไม่ระบุ,สมุดภาพพระพุทธประวัติ 80 ภาพ,0.0,0.0,0.0,0.0,143400.0,0.0,0.0,0.0,ศูนย์การแปล
Operational & Service Excellence by CAAS.xlsx,Service_Excellence_by_CAAS,852,2564,ไม่ระบุ,บริการวิชาการแบบมีรายได้,ไม่ระบุ,กล่องและผลิตภัณฑ์เกาหลี NEEDLY จำนวน 3 รายการ,0.0,0.0,0.0,0.0,2020.0,0.0,0.0,0.0,ศูนย์การแปล
Operational & Service Excellence by CAAS.xlsx,Service_Excellence_by_CAAS,853,2564,ไม่ระบุ,บริการวิชาการแบบมีรายได้,ไม่ระบุ,คำสั่งแต่งตั้ง,0.0,0.0,0.0,0.0,7560.0,0.0,0.0,0.0,ศูนย์การแปล
Operational & Service Excellence by CAAS.xlsx,Service_Excellence_by_CAAS,854,2564,ไม่ระบุ,บริการวิชาการแบบมีรายได้,ไม่ระบุ,ฉลากผลิตภัณฑ์ญี่ปุ่น Mask,0.0,0.0,0.0,0.0,630.0,0.0,0.0,0.0,ศูนย์การแปล
Operational & Service Excellence by CAAS.xlsx,Service_Excellence_by_CAAS,855,2564,ไม่ระบุ,บริการวิชาการแบบมีรายได้,ไม่ระบุ,ฉลากสินค้าผงล้างผัก,0.0,0.0,0.0,0.0,1180.0,0.0,0.0,0.0,ศูนย์การแปล
Operational & Service Excellence by CAAS.xlsx,Service_Excellence_by_CAAS,856,2564,ไม่ระบุ,บริการวิชาการแบบมีรายได้,ไม่ระบุ,ฉลากผลิตภัณฑ์ญี่ปุ่น TSUYOMI CAMUGAKI,0.0,0.0,0.0,0.0,1290.0,0.0,0.0,0.0,ศูนย์การแปล
Operational & Service Excellence by CAAS.xlsx,Service_Excellence_by_CAAS,857,2564,ไม่ระบุ,บริการวิชาการแบบมีรายได้,ไม่ระบุ,ประกาศคณะกรรมการฯ การแสดงชื่อ เอกสารกำกับ,0.0,0.0,0.0,0.0,9280.0,0.0,0.0,0.0,ศูนย์การแปล
Operational & Service Excellence by CAAS.xlsx,Service_Excellence_by_CAAS,858,2564,ไม่ระบุ,บริการวิชาการแบบมีรายได้,ไม่ระบุ,บัตรบันทึกข้อมูลการฉีดวัคซีน COVID-19,0.0,0.0,0.0,0.0,1345.0,0.0,0.0,0.0,ศูนย์การแปล
Operational & Service Excellence by CAAS.xlsx,Service_Excellence_by_CAAS,859,2564,ไม่ระบุ,บริการวิชาการแบบมีรายได้,ไม่ระบุ,ผลิตภัณฑ์แปรงสีฟันไฟฟ้า,0.0,0.0,0.0,0.0,1180.0,0.0,0.0,0.0,ศูนย์การแปล
Operational & Service Excellence by CAAS.xlsx,Service_Excellence_by_CAAS,860,2564,ไม่ระบุ,บริการวิชาการแบบมีรายได้,ไม่ระบุ,ใบรับรอง,0.0,0.0,0.0,0.0,1290.0,0.0,0.0,0.0,ศูนย์การแปล
Operational & Service Excellence by CAAS.xlsx,Service_Excellence_by_CAAS,861,2564,ไม่ระบุ,บริการวิชาการแบบมีรายได้,ไม่ระบุ,เอกสารโครงการวิจัย,0.0,0.0,0.0,0.0,36050.0,0.0,0.0,0.0,ศูนย์การแปล
Operational & Service Excellence by CAAS.xlsx,Service_Excellence_by_CAAS,862,2564,ไม่ระบุ,บริการวิชาการแบบมีรายได้,ไม่ระบุ,เอกสารกำกับยา,0.0,0.0,0.0,0.0,39770.0,0.0,0.0,0.0,ศูนย์การแปล
Operational & Service Excellence by CAAS.xlsx,Service_Excellence_by_CAAS,863,2564,ไม่ระบุ,บริการวิชาการแบบมีรายได้,ไม่ระบุ,MIL Public,0.0,0.0,0.0,0.0,10750.0,0.0,0.0,0.0,ศูนย์การแปล
Operational & Service Excellence by CAAS.xlsx,Service_Excellence_by_CAAS,864,2564,ไม่ระบุ,บริการวิชาการแบบมีรายได้,ไม่ระบุ,ฉลากผลิตภัณฑ์เกาหลี Sistertalk Capsule,0.0,0.0,0.0,0.0,960.0,0.0,0.0,0.0,ศูนย์การแปล
Operational & Service Excellence by CAAS.xlsx,Service_Excellence_by_CAAS,865,2564,ไม่ระบุ,บริการวิชาการแบบมีรายได้,ไม่ระบุ,ฉลากผลิตภัณฑ์ญี่ปุ่น IONICO SHAMPOO MOIST & REPAIR ORANGE FLOWER SCENT,0.0,0.0,0.0,0.0,1400.0,0.0,0.0,0.0,ศูนย์การแปล
Operational & Service Excellence by CAAS.xlsx,Service_Excellence_by_CAAS,866,2564,ไม่ระบุ,บริการวิชาการแบบมีรายได้,ไม่ระบุ,Transcript ระดับปริญญาตรี และปริญญาโท,0.0,0.0,0.0,0.0,6440.0,0.0,0.0,0.0,ศูนย์การแปล
Operational & Service Excellence by CAAS.xlsx,Service_Excellence_by_CAAS,867,2564,ไม่ระบุ,บริการวิชาการแบบมีรายได้,ไม่ระบุ,กล่องผลิตภัณฑ์เกาหลี Some by MI จำนวน 2 รายการ,0.0,0.0,0.0,0.0,1820.0,0.0,0.0,0.0,ศูนย์การแปล
Operational & Service Excellence by CAAS.xlsx,Service_Excellence_by_CAAS,868,2564,ไม่ระบุ,บริการวิชาการแบบมีรายได้,ไม่ระบุ,ฉลากผลิตภัณฑ์ญี่ปุ่น Halloween Face Mask จำนวน 2 รายการ,0.0,0.0,0.0,0.0,1270.0,0.0,0.0,0.0,ศูนย์การแปล
Operational & Service Excellence by CAAS.xlsx,Service_Excellence_by_CAAS,869,2564,ไม่ระบุ,บริการวิชาการแบบมีรายได้,ไม่ระบุ,Test Report,0.0,0.0,0.0,0.0,8770.0,0.0,0.0,0.0,ศูนย์การแปล
Operational & Service Excellence by CAAS.xlsx,Service_Excellence_by_CAAS,870,2564,ไม่ระบุ,บริการวิชาการแบบมีรายได้,ไม่ระบุ,GMP certificate,0.0,0.0,0.0,0.0,1400.0,0.0,0.0,0.0,ศูนย์การแปล
Operational & Service Excellence by CAAS.xlsx,Service_Excellence_by_CAAS,871,2564,ไม่ระบุ,บริการวิชาการแบบมีรายได้,ไม่ระบุ,เอกสารด้านการศึกษา มคอ.2 มคอ.3 และแบบรายงานข้อมูลหลักสูตร,0.0,0.0,0.0,0.0,16500.0,0.0,0.0,0.0,ศูนย์การแปล
Operational & Service Excellence by CAAS.xlsx,Service_Excellence_by_CAAS,872,2564,ไม่ระบุ,บริการวิชาการแบบมีรายได้,ไม่ระบุ,ฉลากผลิตภัณฑ์ Euc. Baby Wash,0.0,0.0,0.0,0.0,2150.0,0.0,0.0,0.0,ศูนย์การแปล
Operational & Service Excellence by CAAS.xlsx,Service_Excellence_by_CAAS,873,2564,ไม่ระบุ,บริการวิชาการแบบมีรายได้,ไม่ระบุ,แบบสอบถาม,0.0,0.0,0.0,0.0,2500.0,0.0,0.0,0.0,ศูนย์การแปล
Operational & Service Excellence by CAAS.xlsx,Service_Excellence_by_CAAS,874,2564,ไม่ระบุ,บริการวิชาการแบบมีรายได้,ไม่ระบุ,ฉลากผลิตภัณฑ์เกาหลี DD. Cica Metal Cream,0.0,0.0,0.0,0.0,1620.0,0.0,0.0,0.0,ศูนย์การแปล
Operational & Service Excellence by CAAS.xlsx,Service_Excellence_by_CAAS,875,2564,ไม่ระบุ,บริการวิชาการแบบมีรายได้,ไม่ระบุ,ฉลากผลิตภัณฑ์เกาหลี RETHEBEAU,0.0,0.0,0.0,0.0,1820.0,0.0,0.0,0.0,ศูนย์การแปล
Operational & Service Excellence by CAAS.xlsx,Service_Excellence_by_CAAS,876,2564,ไม่ระบุ,บริการวิชาการแบบมีรายได้,ไม่ระบุ,Instruction for Use (Leaflet)-CE 1.4 version (2019-nCoV Kit),0.0,0.0,0.0,0.0,6570.0,0.0,0.0,0.0,ศูนย์การแปล
Operational & Service Excellence by CAAS.xlsx,Service_Excellence_by_CAAS,877,2564,ไม่ระบุ,บริการวิชาการแบบมีรายได้,ไม่ระบุ,หนังสือร้บรอง,0.0,0.0,0.0,0.0,2170.0,0.0,0.0,0.0,ศูนย์การแปล
Operational & Service Excellence by CAAS.xlsx,Service_Excellence_by_CAAS,878,2564,ไม่ระบุ,บริการวิชาการแบบมีรายได้,ไม่ระบุ,แบบสอบถาม,0.0,0.0,0.0,0.0,960.0,0.0,0.0,0.0,ศูนย์การแปล
Operational & Service Excellence by CAAS.xlsx,Service_Excellence_by_CAAS,879,2564,ไม่ระบุ,บริการวิชาการแบบมีรายได้,ไม่ระบุ,ฉลากผลิตภัณฑ์สาหร่าย YEMAT,0.0,0.0,0.0,0.0,1300.0,0.0,0.0,0.0,ศูนย์การแปล
Operational & Service Excellence by CAAS.xlsx,Service_Excellence_by_CAAS,880,2564,ไม่ระบุ,บริการวิชาการแบบมีรายได้,ไม่ระบุ,ฉลากผลิตภัณฑ์เกาหลี NEEDLY ENDOSKIIN MICRO PATCH BOTOC PLUS,0.0,0.0,0.0,0.0,960.0,0.0,0.0,0.0,ศูนย์การแปล
Operational & Service Excellence by CAAS.xlsx,Service_Excellence_by_CAAS,881,2564,ไม่ระบุ,บริการวิชาการแบบมีรายได้,ไม่ระบุ,แบบประเมิน CONFUSION ASSESSMENT METHOD,0.0,0.0,0.0,0.0,960.0,0.0,0.0,0.0,ศูนย์การแปล
Operational & Service Excellence by CAAS.xlsx,Service_Excellence_by_CAAS,882,2564,ไม่ระบุ,บริการวิชาการแบบมีรายได้,ไม่ระบุ,รายละเอียดฉลากสินค้า เนทูร่า แฮร์ ไวตามิน บูสเตอร์,0.0,0.0,0.0,0.0,970.0,0.0,0.0,0.0,ศูนย์การแปล
Operational & Service Excellence by CAAS.xlsx,Service_Excellence_by_CAAS,883,2564,ไม่ระบุ,บริการวิชาการแบบมีรายได้,ไม่ระบุ,คำโปรยบน Packaging ครีมฟอก add benefit,0.0,0.0,0.0,0.0,1290.0,0.0,0.0,0.0,ศูนย์การแปล
Operational & Service Excellence by CAAS.xlsx,Service_Excellence_by_CAAS,884,2564,ไม่ระบุ,บริการวิชาการแบบมีรายได้,ไม่ระบุ,จดหมาย,0.0,0.0,0.0,0.0,1730.0,0.0,0.0,0.0,ศูนย์การแปล
Operational & Service Excellence by CAAS.xlsx,Service_Excellence_by_CAAS,885,2564,ไม่ระบุ,บริการวิชาการแบบมีรายได้,ไม่ระบุ,แบบทดสอบ,0.0,0.0,0.0,0.0,1290.0,0.0,0.0,0.0,ศูนย์การแปล
Operational & Service Excellence by CAAS.xlsx,Service_Excellence_by_CAAS,886,2564,ไม่ระบุ,บริการวิชาการแบบมีรายได้,ไม่ระบุ,Certificate,0.0,0.0,0.0,0.0,1400.0,0.0,0.0,0.0,ศูนย์การแปล
Operational & Service Excellence by CAAS.xlsx,Service_Excellence_by_CAAS,887,2564,ไม่ระบุ,บริการวิชาการแบบมีรายได้,ไม่ระบุ,โลแลน พิกเซล แฮร์ คัลเลอร์ เคล็นเซอร์,0.0,0.0,0.0,0.0,970.0,0.0,0.0,0.0,ศูนย์การแปล
Operational & Service Excellence by CAAS.xlsx,Service_Excellence_by_CAAS,888,2564,ไม่ระบุ,บริการวิชาการแบบมีรายได้,ไม่ระบุ,เอกสาร MHD,0.0,0.0,0.0,0.0,1730.0,0.0,0.0,0.0,ศูนย์การแปล
Operational & Service Excellence by CAAS.xlsx,Service_Excellence_by_CAAS,889,2564,ไม่ระบุ,บริการวิชาการแบบมีรายได้,ไม่ระบุ,Factory License,0.0,0.0,0.0,0.0,740.0,0.0,0.0,0.0,ศูนย์การแปล
Operational & Service Excellence by CAAS.xlsx,Service_Excellence_by_CAAS,890,2564,ไม่ระบุ,บริการวิชาการแบบมีรายได้,ไม่ระบุ,ฉลากผลิตภัณฑ์เกาหลี ACWELL จำนวน 5 รายการ,0.0,0.0,0.0,0.0,4400.0,0.0,0.0,0.0,ศูนย์การแปล
Operational & Service Excellence by CAAS.xlsx,Service_Excellence_by_CAAS,891,2564,ไม่ระบุ,บริการวิชาการแบบมีรายได้,ไม่ระบุ,SARS-CoV-2 Ag Diagnostic Test Kit (Colloidal Gold),0.0,0.0,0.0,0.0,5800.0,0.0,0.0,0.0,ศูนย์การแปล
Operational & Service Excellence by CAAS.xlsx,Service_Excellence_by_CAAS,892,2564,ไม่ระบุ,บริการวิชาการแบบมีรายได้,ไม่ระบุ,ฉลากผลิตภัณฑ์เกาหลี DahRuem จำนวน 3 รายการ,0.0,0.0,0.0,0.0,2910.0,0.0,0.0,0.0,ศูนย์การแปล
Operational & Service Excellence by CAAS.xlsx,Service_Excellence_by_CAAS,893,2564,ไม่ระบุ,บริการวิชาการแบบมีรายได้,ไม่ระบุ,แบบสอบถามอาการข้อเข่า,0.0,0.0,0.0,0.0,1070.0,0.0,0.0,0.0,ศูนย์การแปล
Operational & Service Excellence by CAAS.xlsx,Service_Excellence_by_CAAS,894,2564,ไม่ระบุ,บริการวิชาการแบบมีรายได้,ไม่ระบุ,คู่มือนักศึกษาหลักสูตรศิลปศาสตรบัณฑิต สาขาวิชาภาษาจีน (หลักสูตรนานาชาติ),0.0,0.0,0.0,0.0,7700.0,0.0,0.0,0.0,ศูนย์การแปล
Operational & Service Excellence by CAAS.xlsx,Service_Excellence_by_CAAS,895,2564,ไม่ระบุ,บริการวิชาการแบบมีรายได้,ไม่ระบุ,IFU of COVID-19 (swab) และ IFU of COVID-19 Ag (Saliva),0.0,0.0,0.0,0.0,9740.0,0.0,0.0,0.0,ศูนย์การแปล
Operational & Service Excellence by CAAS.xlsx,Service_Excellence_by_CAAS,896,2564,ไม่ระบุ,บริการวิชาการแบบมีรายได้,ไม่ระบุ,แบบสอบถาม PG-13,0.0,0.0,0.0,0.0,850.0,0.0,0.0,0.0,ศูนย์การแปล
Operational & Service Excellence by CAAS.xlsx,Service_Excellence_by_CAAS,897,2564,ไม่ระบุ,บริการวิชาการแบบมีรายได้,ไม่ระบุ,หนังสือรับรอง,0.0,0.0,0.0,0.0,960.0,0.0,0.0,0.0,ศูนย์การแปล
Operational & Service Excellence by CAAS.xlsx,Service_Excellence_by_CAAS,898,2564,ไม่ระบุ,บริการวิชาการแบบมีรายได้,ไม่ระบุ,SARS-CoV-2 Ag Diagnostic Test Kit (Colloidal Gold) เพิ่มเติม,0.0,0.0,0.0,0.0,1100.0,0.0,0.0,0.0,ศูนย์การแปล
Operational & Service Excellence by CAAS.xlsx,Service_Excellence_by_CAAS,899,2564,ไม่ระบุ,บริการวิชาการแบบมีรายได้,ไม่ระบุ,แบบสอบถามหลังผ่าตัดเอ็นข้อเข่า,0.0,0.0,0.0,0.0,850.0,0.0,0.0,0.0,ศูนย์การแปล
Operational & Service Excellence by CAAS.xlsx,Service_Excellence_by_CAAS,900,2564,ไม่ระบุ,บริการวิชาการแบบมีรายได้,ไม่ระบุ,ผลทดสอบประสิทธิภาพจากญี่ปุ่น,0.0,0.0,0.0,0.0,3600.0,0.0,0.0,0.0,ศูนย์การแปล
Operational & Service Excellence by CAAS.xlsx,Service_Excellence_by_CAAS,901,2564,ไม่ระบุ,บริการวิชาการแบบมีรายได้,ไม่ระบุ,ISO 3 company,0.0,0.0,0.0,0.0,3240.0,0.0,0.0,0.0,ศูนย์การแปล
Operational & Service Excellence by CAAS.xlsx,Service_Excellence_by_CAAS,902,2564,ไม่ระบุ,บริการวิชาการแบบมีรายได้,ไม่ระบุ,ฉลากผลิตภัณฑ์ หมวกคลุมผม,0.0,0.0,0.0,0.0,1070.0,0.0,0.0,0.0,ศูนย์การแปล
Operational & Service Excellence by CAAS.xlsx,Service_Excellence_by_CAAS,903,2564,ไม่ระบุ,บริการวิชาการแบบมีรายได้,ไม่ระบุ,QC Report,0.0,0.0,0.0,0.0,1290.0,0.0,0.0,0.0,ศูนย์การแปล
Operational & Service Excellence by CAAS.xlsx,Service_Excellence_by_CAAS,904,2564,ไม่ระบุ,บริการวิชาการแบบมีรายได้,ไม่ระบุ,หนังสือรับรอง,0.0,0.0,0.0,0.0,1290.0,0.0,0.0,0.0,ศูนย์การแปล
Operational & Service Excellence by CAAS.xlsx,Service_Excellence_by_CAAS,905,2564,ไม่ระบุ,บริการวิชาการแบบมีรายได้,ไม่ระบุ,ฉลากผลิตภัณฑ์เกาหลี Elishacoy Kombucha ampoule,0.0,0.0,0.0,0.0,960.0,0.0,0.0,0.0,ศูนย์การแปล
Operational & Service Excellence by CAAS.xlsx,Service_Excellence_by_CAAS,906,2564,ไม่ระบุ,บริการวิชาการแบบมีรายได้,ไม่ระบุ,ฉลากผลิตภัณฑ์เกาหลี SOME BY MI AHA-BHA-PHA CALMING BODY LOTION,0.0,0.0,0.0,0.0,960.0,0.0,0.0,0.0,ศูนย์การแปล
Operational & Service Excellence by CAAS.xlsx,Service_Excellence_by_CAAS,907,2564,ไม่ระบุ,บริการวิชาการแบบมีรายได้,ไม่ระบุ,ฉลากผลิตภัณฑ์เกาหลี SOME BY MI AHA 10 % AMINO PEELING AMPOULE,0.0,0.0,0.0,0.0,860.0,0.0,0.0,0.0,ศูนย์การแปล
Operational & Service Excellence by CAAS.xlsx,Service_Excellence_by_CAAS,908,2564,ไม่ระบุ,บริการวิชาการแบบมีรายได้,ไม่ระบุ,ฉลากผลิตภัณฑ์ญี่ปุ่น e-labo,0.0,0.0,0.0,0.0,1400.0,0.0,0.0,0.0,ศูนย์การแปล
Operational & Service Excellence by CAAS.xlsx,Service_Excellence_by_CAAS,909,2564,ไม่ระบุ,บริการวิชาการแบบมีรายได้,ไม่ระบุ,ใบอนุญาต,0.0,0.0,0.0,0.0,1070.0,0.0,0.0,0.0,ศูนย์การแปล
Operational & Service Excellence by CAAS.xlsx,Service_Excellence_by_CAAS,910,2564,ไม่ระบุ,บริการวิชาการแบบมีรายได้,ไม่ระบุ,ใบรับรอง,0.0,0.0,0.0,0.0,1070.0,0.0,0.0,0.0,ศูนย์การแปล
Operational & Service Excellence by CAAS.xlsx,Service_Excellence_by_CAAS,911,2564,ไม่ระบุ,บริการวิชาการแบบมีรายได้,ไม่ระบุ,เอกสารด้านการศึกษา จำนวน 5 รายการ,0.0,0.0,0.0,0.0,12870.0,0.0,0.0,0.0,ศูนย์การแปล
Operational & Service Excellence by CAAS.xlsx,Service_Excellence_by_CAAS,912,2564,ไม่ระบุ,บริการวิชาการแบบมีรายได้,ไม่ระบุ,เอกสารด้านการศึกษา (ประกาศและข้อบังคับมหาวิทยาลัยมหิดล) จำนวน 2 รายการ,0.0,0.0,0.0,0.0,12870.0,0.0,0.0,0.0,ศูนย์การแปล
Operational & Service Excellence by CAAS.xlsx,Service_Excellence_by_CAAS,913,2564,ไม่ระบุ,บริการวิชาการแบบมีรายได้,ไม่ระบุ,คู่มือการใช้เครื่องออกเซิเจน,0.0,0.0,0.0,0.0,8000.0,0.0,0.0,0.0,ศูนย์การแปล
Operational & Service Excellence by CAAS.xlsx,Service_Excellence_by_CAAS,914,2564,ไม่ระบุ,บริการวิชาการแบบมีรายได้,ไม่ระบุ,งบการเงิน,0.0,0.0,0.0,0.0,4260.0,0.0,0.0,0.0,ศูนย์การแปล
Operational & Service Excellence by CAAS.xlsx,Service_Excellence_by_CAAS,915,2564,ไม่ระบุ,บริการวิชาการแบบมีรายได้,ไม่ระบุ,แบบสอบถาม DDT-Pro,0.0,0.0,0.0,0.0,1180.0,0.0,0.0,0.0,ศูนย์การแปล
Operational & Service Excellence by CAAS.xlsx,Service_Excellence_by_CAAS,916,2564,ไม่ระบุ,บริการวิชาการแบบมีรายได้,ไม่ระบุ,แบบตรวจสอบรหัสข้อมูล (Code) ด้วยวิธีแบบแปลย้อนกลับ (back-translation),0.0,0.0,0.0,0.0,11300.0,0.0,0.0,0.0,ศูนย์การแปล
Operational & Service Excellence by CAAS.xlsx,Service_Excellence_by_CAAS,917,2564,ไม่ระบุ,บริการวิชาการแบบมีรายได้,ไม่ระบุ,ฉลากผลิตภัณฑ์เกาหลี จำนวน 2 รายการ (Prep ped และ Caring remover),0.0,0.0,0.0,0.0,1820.0,0.0,0.0,0.0,ศูนย์การแปล
Operational & Service Excellence by CAAS.xlsx,Service_Excellence_by_CAAS,918,2565,ไม่ระบุ,บริการวิชาการแบบมีรายได้,ไม่ระบุ,ฉลากผลิตภัณฑ์ ผงล้างเครื่องซักผ้า,0.0,0.0,0.0,0.0,1510.0,0.0,0.0,0.0,ศูนย์การแปล
Operational & Service Excellence by CAAS.xlsx,Service_Excellence_by_CAAS,919,2565,ไม่ระบุ,บริการวิชาการแบบมีรายได้,ไม่ระบุ,กล่องผลิตภัณฑ์เกาหลี Celranico vita plus ampoule,0.0,0.0,0.0,0.0,960.0,0.0,0.0,0.0,ศูนย์การแปล
Operational & Service Excellence by CAAS.xlsx,Service_Excellence_by_CAAS,920,2565,ไม่ระบุ,บริการวิชาการแบบมีรายได้,ไม่ระบุ,certificate,0.0,0.0,0.0,0.0,2445.0,0.0,0.0,0.0,ศูนย์การแปล
Operational & Service Excellence by CAAS.xlsx,Service_Excellence_by_CAAS,921,2565,ไม่ระบุ,บริการวิชาการแบบมีรายได้,ไม่ระบุ,หนังสือรับรอง ISO,0.0,0.0,0.0,0.0,3270.0,0.0,0.0,0.0,ศูนย์การแปล
Operational & Service Excellence by CAAS.xlsx,Service_Excellence_by_CAAS,922,2565,ไม่ระบุ,บริการวิชาการแบบมีรายได้,ไม่ระบุ,ใบอนุญาต (GMP Article5.2),0.0,0.0,0.0,0.0,2710.0,0.0,0.0,0.0,ศูนย์การแปล
Operational & Service Excellence by CAAS.xlsx,Service_Excellence_by_CAAS,923,2565,ไม่ระบุ,บริการวิชาการแบบมีรายได้,ไม่ระบุ,ผลิตภัณฑ์ Eucerin (Aquaphor),0.0,0.0,0.0,0.0,1180.0,0.0,0.0,0.0,ศูนย์การแปล
Operational & Service Excellence by CAAS.xlsx,Service_Excellence_by_CAAS,924,2565,ไม่ระบุ,บริการวิชาการแบบมีรายได้,ไม่ระบุ,เอกสารการฝึกงาน,0.0,0.0,0.0,0.0,2480.0,0.0,0.0,0.0,ศูนย์การแปล
Operational & Service Excellence by CAAS.xlsx,Service_Excellence_by_CAAS,925,2565,ไม่ระบุ,บริการวิชาการแบบมีรายได้,ไม่ระบุ,ผังจักรวาลกรุงรัตนโกสินทร์,0.0,0.0,0.0,0.0,9300.0,0.0,0.0,0.0,ศูนย์การแปล
Operational & Service Excellence by CAAS.xlsx,Service_Excellence_by_CAAS,926,2565,ไม่ระบุ,บริการวิชาการแบบมีรายได้,ไม่ระบุ,"Chapter F: Drawings, Design, Product",0.0,0.0,0.0,0.0,1180.0,0.0,0.0,0.0,ศูนย์การแปล
Operational & Service Excellence by CAAS.xlsx,Service_Excellence_by_CAAS,927,2565,ไม่ระบุ,บริการวิชาการแบบมีรายได้,ไม่ระบุ,ชื่อยาภาษาจีน,0.0,0.0,0.0,0.0,630.0,0.0,0.0,0.0,ศูนย์การแปล
Operational & Service Excellence by CAAS.xlsx,Service_Excellence_by_CAAS,928,2565,ไม่ระบุ,บริการวิชาการแบบมีรายได้,ไม่ระบุ,ฉลากผลิตภัณฑ์เกาหลี Jmella จำนวน 9 รายการ,0.0,0.0,0.0,0.0,7840.0,0.0,0.0,0.0,ศูนย์การแปล
Operational & Service Excellence by CAAS.xlsx,Service_Excellence_by_CAAS,929,2565,ไม่ระบุ,บริการวิชาการแบบมีรายได้,ไม่ระบุ,ใบแทรกในหนังสือพุทธธรรมฉบับภาษาอังกฤษ,0.0,0.0,0.0,0.0,1620.0,0.0,0.0,0.0,ศูนย์การแปล
Operational & Service Excellence by CAAS.xlsx,Service_Excellence_by_CAAS,930,2565,ไม่ระบุ,บริการวิชาการแบบมีรายได้,ไม่ระบุ,เอกสารแปลเป็นภาษาจีน,0.0,0.0,0.0,0.0,750.0,0.0,0.0,0.0,ศูนย์การแปล
Operational & Service Excellence by CAAS.xlsx,Service_Excellence_by_CAAS,931,2565,ไม่ระบุ,บริการวิชาการแบบมีรายได้,ไม่ระบุ,Face Shield-CFDA registration,0.0,0.0,0.0,0.0,1380.0,0.0,0.0,0.0,ศูนย์การแปล
Operational & Service Excellence by CAAS.xlsx,Service_Excellence_by_CAAS,932,2565,ไม่ระบุ,บริการวิชาการแบบมีรายได้,ไม่ระบุ,Certificate,0.0,0.0,0.0,0.0,1400.0,0.0,0.0,0.0,ศูนย์การแปล
Operational & Service Excellence by CAAS.xlsx,Service_Excellence_by_CAAS,933,2565,ไม่ระบุ,บริการวิชาการแบบมีรายได้,ไม่ระบุ,Doc-adf-2021,0.0,0.0,0.0,0.0,1190.0,0.0,0.0,0.0,ศูนย์การแปล
Operational & Service Excellence by CAAS.xlsx,Service_Excellence_by_CAAS,934,2565,ไม่ระบุ,บริการวิชาการแบบมีรายได้,ไม่ระบุ,จักรวาลชีวิต วัดสุทัศน์,0.0,0.0,0.0,0.0,8100.0,0.0,0.0,0.0,ศูนย์การแปล
Operational & Service Excellence by CAAS.xlsx,Service_Excellence_by_CAAS,935,2565,ไม่ระบุ,บริการวิชาการแบบมีรายได้,ไม่ระบุ,cert Wafu (Japanese) Dashi (Katsuo flavor powder) (JFDA plus Brand),0.0,0.0,0.0,0.0,1510.0,0.0,0.0,0.0,ศูนย์การแปล
Operational & Service Excellence by CAAS.xlsx,Service_Excellence_by_CAAS,936,2565,ไม่ระบุ,บริการวิชาการแบบมีรายได้,ไม่ระบุ,สคริปต์ พิพิธภัณฑ์จรรโลงพุทธศาสนา,0.0,0.0,0.0,0.0,33390.0,0.0,0.0,0.0,ศูนย์การแปล
Operational & Service Excellence by CAAS.xlsx,Service_Excellence_by_CAAS,937,2565,ไม่ระบุ,บริการวิชาการแบบมีรายได้,ไม่ระบุ,เอกสาร COA,0.0,0.0,0.0,0.0,2350.0,0.0,0.0,0.0,ศูนย์การแปล
Operational & Service Excellence by CAAS.xlsx,Service_Excellence_by_CAAS,938,2565,ไม่ระบุ,บริการวิชาการแบบมีรายได้,ไม่ระบุ,ประกาศสำนักงานคณะกรรมการอาหารและยา,0.0,0.0,0.0,0.0,2720.0,0.0,0.0,0.0,ศูนย์การแปล
Operational & Service Excellence by CAAS.xlsx,Service_Excellence_by_CAAS,939,2565,ไม่ระบุ,บริการวิชาการแบบมีรายได้,ไม่ระบุ,สัญญา จำนวน 3 รายการ,0.0,0.0,0.0,0.0,11700.0,0.0,0.0,0.0,ศูนย์การแปล
Operational & Service Excellence by CAAS.xlsx,Service_Excellence_by_CAAS,940,2565,ไม่ระบุ,บริการวิชาการแบบมีรายได้,ไม่ระบุ,ฉลากผลิตภัณฑ์เกาหลี BOTANIQUE  จำนวน 2 รายการ,0.0,0.0,0.0,0.0,1820.0,0.0,0.0,0.0,ศูนย์การแปล
Operational & Service Excellence by CAAS.xlsx,Service_Excellence_by_CAAS,941,2565,ไม่ระบุ,บริการวิชาการแบบมีรายได้,ไม่ระบุ,ฉลากผลิตภัณฑ์เกาหลี Jmella จำนวน 21 รายการ,0.0,0.0,0.0,0.0,15850.0,0.0,0.0,0.0,ศูนย์การแปล
Operational & Service Excellence by CAAS.xlsx,Service_Excellence_by_CAAS,942,2565,ไม่ระบุ,บริการวิชาการแบบมีรายได้,ไม่ระบุ,"Cert Sugisho technical foods Co.,Ltd.",0.0,0.0,0.0,0.0,1410.0,0.0,0.0,0.0,ศูนย์การแปล
Operational & Service Excellence by CAAS.xlsx,Service_Excellence_by_CAAS,943,2565,ไม่ระบุ,บริการวิชาการแบบมีรายได้,ไม่ระบุ,Cert ISO22000,0.0,0.0,0.0,0.0,1190.0,0.0,0.0,0.0,ศูนย์การแปล
Operational & Service Excellence by CAAS.xlsx,Service_Excellence_by_CAAS,944,2565,ไม่ระบุ,บริการวิชาการแบบมีรายได้,ไม่ระบุ,ฉลากผลิตภัณฑ์เกาหลี  Atopalm MLE Lotion,0.0,0.0,0.0,0.0,1070.0,0.0,0.0,0.0,ศูนย์การแปล
Operational & Service Excellence by CAAS.xlsx,Service_Excellence_by_CAAS,945,2565,ไม่ระบุ,บริการวิชาการแบบมีรายได้,ไม่ระบุ,ฉลากผลิตภัณฑ์ Replacement sheet for mask,0.0,0.0,0.0,0.0,1290.0,0.0,0.0,0.0,ศูนย์การแปล
Operational & Service Excellence by CAAS.xlsx,Service_Excellence_by_CAAS,946,2565,ไม่ระบุ,บริการวิชาการแบบมีรายได้,ไม่ระบุ,ใบรับรองมาตรฐาน (ทิชชูเปียก),0.0,0.0,0.0,0.0,6440.0,0.0,0.0,0.0,ศูนย์การแปล
Operational & Service Excellence by CAAS.xlsx,Service_Excellence_by_CAAS,947,2565,ไม่ระบุ,บริการวิชาการแบบมีรายได้,ไม่ระบุ,ฉลากผลิตภัณฑ์เกาหลี RICO Baby  จำนวน 3 รายการ,0.0,0.0,0.0,0.0,3010.0,0.0,0.0,0.0,ศูนย์การแปล
Operational & Service Excellence by CAAS.xlsx,Service_Excellence_by_CAAS,948,2565,ไม่ระบุ,บริการวิชาการแบบมีรายได้,ไม่ระบุ,กล่องแชมพูมิรากุ,0.0,0.0,0.0,0.0,1070.0,0.0,0.0,0.0,ศูนย์การแปล
Operational & Service Excellence by CAAS.xlsx,Service_Excellence_by_CAAS,949,2565,ไม่ระบุ,บริการวิชาการแบบมีรายได้,ไม่ระบุ,เอกสารภาษาจีน,0.0,0.0,0.0,0.0,1510.0,0.0,0.0,0.0,ศูนย์การแปล
Operational & Service Excellence by CAAS.xlsx,Service_Excellence_by_CAAS,950,2565,ไม่ระบุ,บริการวิชาการแบบมีรายได้,ไม่ระบุ,หนังสือตัวแทนจำหน่าย,0.0,0.0,0.0,0.0,1180.0,0.0,0.0,0.0,ศูนย์การแปล
Operational & Service Excellence by CAAS.xlsx,Service_Excellence_by_CAAS,951,2565,ไม่ระบุ,บริการวิชาการแบบมีรายได้,ไม่ระบุ,ฉลากผลิตภัณฑ์ Mask Frame  จำนวน 2 รายการ,0.0,0.0,0.0,0.0,1830.0,0.0,0.0,0.0,ศูนย์การแปล
Operational & Service Excellence by CAAS.xlsx,Service_Excellence_by_CAAS,952,2565,ไม่ระบุ,บริการวิชาการแบบมีรายได้,ไม่ระบุ,AJINIHON ISO,0.0,0.0,0.0,0.0,1290.0,0.0,0.0,0.0,ศูนย์การแปล
Operational & Service Excellence by CAAS.xlsx,Service_Excellence_by_CAAS,953,2565,ไม่ระบุ,บริการวิชาการแบบมีรายได้,ไม่ระบุ,ฉลากผลิตภัณฑ์ DO MEN'S FACE SHEET จำนวน 2 รายการ,0.0,0.0,0.0,0.0,2700.0,0.0,0.0,0.0,ศูนย์การแปล
Operational & Service Excellence by CAAS.xlsx,Service_Excellence_by_CAAS,954,2565,ไม่ระบุ,บริการวิชาการแบบมีรายได้,ไม่ระบุ,Cert HACCP,0.0,0.0,0.0,0.0,1290.0,0.0,0.0,0.0,ศูนย์การแปล
Operational & Service Excellence by CAAS.xlsx,Service_Excellence_by_CAAS,955,2565,ไม่ระบุ,บริการวิชาการแบบมีรายได้,ไม่ระบุ,กล่องผลิตภัณฑ์เกาหลี Celranico Red Clear Mild Cream,0.0,0.0,0.0,0.0,960.0,0.0,0.0,0.0,ศูนย์การแปล
Operational & Service Excellence by CAAS.xlsx,Service_Excellence_by_CAAS,956,2565,ไม่ระบุ,บริการวิชาการแบบมีรายได้,ไม่ระบุ,คำสั่งแต่งตั้ง,0.0,0.0,0.0,0.0,1290.0,0.0,0.0,0.0,ศูนย์การแปล
Operational & Service Excellence by CAAS.xlsx,Service_Excellence_by_CAAS,957,2565,ไม่ระบุ,บริการวิชาการแบบมีรายได้,ไม่ระบุ,ผลิตภัณฑ์เกาหลี Real Deep จำนวน 2 รายการ,0.0,0.0,0.0,0.0,1820.0,0.0,0.0,0.0,ศูนย์การแปล
Operational & Service Excellence by CAAS.xlsx,Service_Excellence_by_CAAS,958,2565,ไม่ระบุ,บริการวิชาการแบบมีรายได้,ไม่ระบุ,ฉลากผลิตภัณฑ์ Smartphone Cleaner,0.0,0.0,0.0,0.0,1290.0,0.0,0.0,0.0,ศูนย์การแปล
Operational & Service Excellence by CAAS.xlsx,Service_Excellence_by_CAAS,959,2565,ไม่ระบุ,บริการวิชาการแบบมีรายได้,ไม่ระบุ,ข้อความภาษาโปรตุเกส,0.0,0.0,0.0,0.0,960.0,0.0,0.0,0.0,ศูนย์การแปล
Operational & Service Excellence by CAAS.xlsx,Service_Excellence_by_CAAS,960,2565,ไม่ระบุ,บริการวิชาการแบบมีรายได้,ไม่ระบุ,Doc-bsc-2021,0.0,0.0,0.0,0.0,1300.0,0.0,0.0,0.0,ศูนย์การแปล
Operational & Service Excellence by CAAS.xlsx,Service_Excellence_by_CAAS,961,2565,ไม่ระบุ,บริการวิชาการแบบมีรายได้,ไม่ระบุ,ใบรับรองมาตรฐาน (น้ำหอม),0.0,0.0,0.0,0.0,5690.0,0.0,0.0,0.0,ศูนย์การแปล
Operational & Service Excellence by CAAS.xlsx,Service_Excellence_by_CAAS,962,2565,ไม่ระบุ,บริการวิชาการแบบมีรายได้,ไม่ระบุ,ตราประทับภาษาจีน,0.0,0.0,0.0,0.0,3040.0,0.0,0.0,0.0,ศูนย์การแปล
Operational & Service Excellence by CAAS.xlsx,Service_Excellence_by_CAAS,963,2565,ไม่ระบุ,บริการวิชาการแบบมีรายได้,ไม่ระบุ,ใบประกาศนียบัตร จำนวน 3 ฉบับ,0.0,0.0,0.0,0.0,1690.0,0.0,0.0,0.0,ศูนย์การแปล
Operational & Service Excellence by CAAS.xlsx,Service_Excellence_by_CAAS,964,2565,ไม่ระบุ,บริการวิชาการแบบมีรายได้,ไม่ระบุ,กล่องผลิตภัณฑ์เกาหลี Simply Beautiful,0.0,0.0,0.0,0.0,1520.0,0.0,0.0,0.0,ศูนย์การแปล
Operational & Service Excellence by CAAS.xlsx,Service_Excellence_by_CAAS,965,2565,ไม่ระบุ,บริการวิชาการแบบมีรายได้,ไม่ระบุ,ฉลากผลิตภัณฑ์ KURASHI-RHYTHM FOOT SHEET,0.0,0.0,0.0,0.0,1520.0,0.0,0.0,0.0,ศูนย์การแปล
Operational & Service Excellence by CAAS.xlsx,Service_Excellence_by_CAAS,966,2565,ไม่ระบุ,บริการวิชาการแบบมีรายได้,ไม่ระบุ,แบบคัดกรองการฟื้นฟูสภาพจากโควิด - 19,0.0,0.0,0.0,0.0,4700.0,0.0,0.0,0.0,ศูนย์การแปล
Operational & Service Excellence by CAAS.xlsx,Service_Excellence_by_CAAS,967,2565,ไม่ระบุ,บริการวิชาการแบบมีรายได้,ไม่ระบุ,LOLANE PIXXEL CRYSTAL KERATIN SHAMPOO,0.0,0.0,0.0,0.0,1290.0,0.0,0.0,0.0,ศูนย์การแปล
Operational & Service Excellence by CAAS.xlsx,Service_Excellence_by_CAAS,968,2565,ไม่ระบุ,บริการวิชาการแบบมีรายได้,ไม่ระบุ,Quality of Work-Life Questionnaire,0.0,0.0,0.0,0.0,4920.0,0.0,0.0,0.0,ศูนย์การแปล
Operational & Service Excellence by CAAS.xlsx,Service_Excellence_by_CAAS,969,2565,ไม่ระบุ,บริการวิชาการแบบมีรายได้,ไม่ระบุ,คู่มือตรวจวารสาร  และนโยบายคุ้มครองข้อมูลส่วนบุคคลซึ่งเก็บข้อมูลผ่านระบบอินเตอร์เน็ต,0.0,0.0,0.0,0.0,24700.0,0.0,0.0,0.0,ศูนย์การแปล
Operational & Service Excellence by CAAS.xlsx,Service_Excellence_by_CAAS,970,2565,ไม่ระบุ,บริการวิชาการแบบมีรายได้,ไม่ระบุ,เรืองสั้นวัดโพธิ์ 11 เรื่อง,0.0,0.0,0.0,0.0,40480.0,0.0,0.0,0.0,ศูนย์การแปล
Operational & Service Excellence by CAAS.xlsx,Service_Excellence_by_CAAS,971,2565,ไม่ระบุ,บริการวิชาการแบบมีรายได้,ไม่ระบุ,sales permission of MCC,0.0,0.0,0.0,0.0,850.0,0.0,0.0,0.0,ศูนย์การแปล
Operational & Service Excellence by CAAS.xlsx,Service_Excellence_by_CAAS,972,2565,ไม่ระบุ,บริการวิชาการแบบมีรายได้,ไม่ระบุ,NAGONO BUSSAN Cert.,0.0,0.0,0.0,0.0,960.0,0.0,0.0,0.0,ศูนย์การแปล
Operational & Service Excellence by CAAS.xlsx,Service_Excellence_by_CAAS,973,2565,ไม่ระบุ,บริการวิชาการแบบมีรายได้,ไม่ระบุ,factory certificate,0.0,0.0,0.0,0.0,850.0,0.0,0.0,0.0,ศูนย์การแปล
Operational & Service Excellence by CAAS.xlsx,Service_Excellence_by_CAAS,974,2565,ไม่ระบุ,บริการวิชาการแบบมีรายได้,ไม่ระบุ,ฉลากผลิตภัณฑ์เกาหลี Jmella TONER PADS จำนวน 5 รายการ,0.0,0.0,0.0,0.0,4400.0,0.0,0.0,0.0,ศูนย์การแปล
Operational & Service Excellence by CAAS.xlsx,Service_Excellence_by_CAAS,975,2565,ไม่ระบุ,บริการวิชาการแบบมีรายได้,ไม่ระบุ,ผลิตภัณฑ์เกาหลี VICLE PEELSU PUER T-AC AMPOULE,0.0,0.0,0.0,0.0,960.0,0.0,0.0,0.0,ศูนย์การแปล
Operational & Service Excellence by CAAS.xlsx,Service_Excellence_by_CAAS,976,2565,ไม่ระบุ,บริการวิชาการแบบมีรายได้,ไม่ระบุ,ผลิตภัณฑ์เกาหลี DIAPIA Mellow D Cypress Relief Ampoule,0.0,0.0,0.0,0.0,860.0,0.0,0.0,0.0,ศูนย์การแปล
Operational & Service Excellence by CAAS.xlsx,Service_Excellence_by_CAAS,977,2565,ไม่ระบุ,บริการวิชาการแบบมีรายได้,ไม่ระบุ,หนังสือสำนักงานคณะกรรมการอาหารและยา (ผลิตภัณฑ์กันแดด ยูเซอรีน),0.0,0.0,0.0,0.0,1400.0,0.0,0.0,0.0,ศูนย์การแปล
Operational & Service Excellence by CAAS.xlsx,Service_Excellence_by_CAAS,978,2565,ไม่ระบุ,บริการวิชาการแบบมีรายได้,ไม่ระบุ,ฉลากผลิตภัณฑ์ญี่ปุ่น ShinkoQ จำนวน 8 รายการ,0.0,0.0,0.0,0.0,10060.0,0.0,0.0,0.0,ศูนย์การแปล
Operational & Service Excellence by CAAS.xlsx,Service_Excellence_by_CAAS,979,2565,ไม่ระบุ,บริการวิชาการแบบมีรายได้,ไม่ระบุ,ตราประทับภาษาจีน,0.0,0.0,0.0,0.0,2950.0,0.0,0.0,0.0,ศูนย์การแปล
Operational & Service Excellence by CAAS.xlsx,Service_Excellence_by_CAAS,980,2565,ไม่ระบุ,บริการวิชาการแบบมีรายได้,ไม่ระบุ,Bachelor's Degree Certificate,0.0,0.0,0.0,0.0,850.0,0.0,0.0,0.0,ศูนย์การแปล
Operational & Service Excellence by CAAS.xlsx,Service_Excellence_by_CAAS,981,2565,ไม่ระบุ,บริการวิชาการแบบมีรายได้,ไม่ระบุ,หนังสือรับรอง ISO 22000,0.0,0.0,0.0,0.0,960.0,0.0,0.0,0.0,ศูนย์การแปล
Operational & Service Excellence by CAAS.xlsx,Service_Excellence_by_CAAS,982,2565,ไม่ระบุ,บริการวิชาการแบบมีรายได้,ไม่ระบุ,ผลิตภัณฑ์เกาหลี Diapia goat milk mask,0.0,0.0,0.0,0.0,960.0,0.0,0.0,0.0,ศูนย์การแปล
Operational & Service Excellence by CAAS.xlsx,Service_Excellence_by_CAAS,983,2565,ไม่ระบุ,บริการวิชาการแบบมีรายได้,ไม่ระบุ,ผลิตภัณฑ์เกาหลี AGA-AE Herb Cream จำนวน 2 รายการ,0.0,0.0,0.0,0.0,1720.0,0.0,0.0,0.0,ศูนย์การแปล
Operational & Service Excellence by CAAS.xlsx,Service_Excellence_by_CAAS,984,2565,ไม่ระบุ,บริการวิชาการแบบมีรายได้,ไม่ระบุ,ข้อมูลเว็บไซต์,0.0,0.0,0.0,0.0,4400.0,0.0,0.0,0.0,ศูนย์การแปล
Operational & Service Excellence by CAAS.xlsx,Service_Excellence_by_CAAS,985,2565,ไม่ระบุ,บริการวิชาการแบบมีรายได้,ไม่ระบุ,ฉลากผลิตภัณฑ์ญี่ปุ่น จำนวน 6 รายการ,0.0,0.0,0.0,0.0,5260.0,0.0,0.0,0.0,ศูนย์การแปล
Operational & Service Excellence by CAAS.xlsx,Service_Excellence_by_CAAS,986,2565,ไม่ระบุ,บริการวิชาการแบบมีรายได้,ไม่ระบุ,ผลิตภัณฑ์เกาหลี Simply beautiful (New),0.0,0.0,0.0,0.0,1620.0,0.0,0.0,0.0,ศูนย์การแปล
Operational & Service Excellence by CAAS.xlsx,Service_Excellence_by_CAAS,987,2565,ไม่ระบุ,บริการวิชาการแบบมีรายได้,ไม่ระบุ,เงื่อนไขการตอบแบบสำรวจ และแบบสำรวจการกลั่นแกล้งรังแกในสถานศึกษา,0.0,0.0,0.0,0.0,9900.0,0.0,0.0,0.0,ศูนย์การแปล
Operational & Service Excellence by CAAS.xlsx,Service_Excellence_by_CAAS,988,2565,ไม่ระบุ,บริการวิชาการแบบมีรายได้,ไม่ระบุ,ฉลากผลิตภัณฑ์เกาหลี Miel&Angeur  จำนวน 5 รายการ,0.0,0.0,0.0,0.0,4400.0,0.0,0.0,0.0,ศูนย์การแปล
Operational & Service Excellence by CAAS.xlsx,Service_Excellence_by_CAAS,989,2565,ไม่ระบุ,บริการวิชาการแบบมีรายได้,ไม่ระบุ,ผลิตภัณฑ์ Iromiru และ Dry-shampoo,0.0,0.0,0.0,0.0,1600.0,0.0,0.0,0.0,ศูนย์การแปล
Operational & Service Excellence by CAAS.xlsx,Service_Excellence_by_CAAS,990,2565,ไม่ระบุ,บริการวิชาการแบบมีรายได้,ไม่ระบุ,เอกสาร FSSC22000,0.0,0.0,0.0,0.0,740.0,0.0,0.0,0.0,ศูนย์การแปล
Operational & Service Excellence by CAAS.xlsx,Service_Excellence_by_CAAS,991,2565,ไม่ระบุ,บริการวิชาการแบบมีรายได้,ไม่ระบุ,แบบสอบถามความคาดหวังเกี่ยวกับการผ่าตัดเปลี่ยนข้อสะโพกเทียม,0.0,0.0,0.0,0.0,1290.0,0.0,0.0,0.0,ศูนย์การแปล
Operational & Service Excellence by CAAS.xlsx,Service_Excellence_by_CAAS,992,2565,ไม่ระบุ,บริการวิชาการแบบมีรายได้,ไม่ระบุ,หนังสือรับรอง,0.0,0.0,0.0,0.0,3600.0,0.0,0.0,0.0,ศูนย์การแปล
Operational & Service Excellence by CAAS.xlsx,Service_Excellence_by_CAAS,993,2565,ไม่ระบุ,บริการวิชาการแบบมีรายได้,ไม่ระบุ,เอกสารปริญญาบัตรและใบรายงานผลการศึกษา,0.0,0.0,0.0,0.0,4460.0,0.0,0.0,0.0,ศูนย์การแปล
Operational & Service Excellence by CAAS.xlsx,Service_Excellence_by_CAAS,994,2565,ไม่ระบุ,บริการวิชาการแบบมีรายได้,ไม่ระบุ,Commercial Authorization Letter,0.0,0.0,0.0,0.0,1290.0,0.0,0.0,0.0,ศูนย์การแปล
Operational & Service Excellence by CAAS.xlsx,Service_Excellence_by_CAAS,995,2565,ไม่ระบุ,บริการวิชาการแบบมีรายได้,ไม่ระบุ,ข้อมูลเว็บไซต์ ครั้งที่ 2,0.0,0.0,0.0,0.0,1700.0,0.0,0.0,0.0,ศูนย์การแปล
Operational & Service Excellence by CAAS.xlsx,Service_Excellence_by_CAAS,996,2565,ไม่ระบุ,บริการวิชาการแบบมีรายได้,ไม่ระบุ,Euc Lip Active,0.0,0.0,0.0,0.0,630.0,0.0,0.0,0.0,ศูนย์การแปล
Operational & Service Excellence by CAAS.xlsx,Service_Excellence_by_CAAS,997,2565,ไม่ระบุ,บริการวิชาการแบบมีรายได้,ไม่ระบุ,IFU 1 test kit,0.0,0.0,0.0,0.0,3160.0,0.0,0.0,0.0,ศูนย์การแปล
Operational & Service Excellence by CAAS.xlsx,Service_Excellence_by_CAAS,998,2565,ไม่ระบุ,บริการวิชาการแบบมีรายได้,ไม่ระบุ,ใบปริญญาบัตร จำนวน 2 ฉบับ,0.0,0.0,0.0,0.0,2260.0,0.0,0.0,0.0,ศูนย์การแปล
Operational & Service Excellence by CAAS.xlsx,Service_Excellence_by_CAAS,999,2565,ไม่ระบุ,บริการวิชาการแบบมีรายได้,ไม่ระบุ,ผลิตภัณฑ์เกาหลี Rokkiss Whiten-ing berry ampoule,0.0,0.0,0.0,0.0,960.0,0.0,0.0,0.0,ศูนย์การแปล
Operational & Service Excellence by CAAS.xlsx,Service_Excellence_by_CAAS,1000,2565,ไม่ระบุ,บริการวิชาการแบบมีรายได้,ไม่ระบุ,ผลิตภัณฑ์เกาหลี MGDD Adsorbable peeling pad,0.0,0.0,0.0,0.0,860.0,0.0,0.0,0.0,ศูนย์การแปล
Operational & Service Excellence by CAAS.xlsx,Service_Excellence_by_CAAS,1001,2565,ไม่ระบุ,บริการวิชาการแบบมีรายได้,ไม่ระบุ,ฉลากผลิตภัณฑ์เกาหลี Jmella จำนวน 24 รายการ,0.0,0.0,0.0,0.0,18100.0,0.0,0.0,0.0,ศูนย์การแปล
Operational & Service Excellence by CAAS.xlsx,Service_Excellence_by_CAAS,1002,2565,ไม่ระบุ,บริการวิชาการแบบมีรายได้,ไม่ระบุ,กล่องผลิตภัณฑ์ Binch,0.0,0.0,0.0,0.0,1290.0,0.0,0.0,0.0,ศูนย์การแปล
Operational & Service Excellence by CAAS.xlsx,Service_Excellence_by_CAAS,1003,2565,ไม่ระบุ,บริการวิชาการแบบมีรายได้,ไม่ระบุ,ผลิตภัณฑ์ทิชชูเปียก,0.0,0.0,0.0,0.0,12100.0,0.0,0.0,0.0,ศูนย์การแปล
Operational & Service Excellence by CAAS.xlsx,Service_Excellence_by_CAAS,1004,2565,ไม่ระบุ,บริการวิชาการแบบมีรายได้,ไม่ระบุ,ฉลากผลิตภัณฑ์เกาหลี Miel_PureMin,0.0,0.0,0.0,0.0,960.0,0.0,0.0,0.0,ศูนย์การแปล
Operational & Service Excellence by CAAS.xlsx,Service_Excellence_by_CAAS,1005,2565,ไม่ระบุ,บริการวิชาการแบบมีรายได้,ไม่ระบุ,Article 5.2 Cert,0.0,0.0,0.0,0.0,2480.0,0.0,0.0,0.0,ศูนย์การแปล
Operational & Service Excellence by CAAS.xlsx,Service_Excellence_by_CAAS,1006,2565,ไม่ระบุ,บริการวิชาการแบบมีรายได้,ไม่ระบุ,ECHIGO Cert.,0.0,0.0,0.0,0.0,1080.0,0.0,0.0,0.0,ศูนย์การแปล
Operational & Service Excellence by CAAS.xlsx,Service_Excellence_by_CAAS,1007,2565,ไม่ระบุ,บริการวิชาการแบบมีรายได้,ไม่ระบุ,Back translation,0.0,0.0,0.0,0.0,3820.0,0.0,0.0,0.0,ศูนย์การแปล
Operational & Service Excellence by CAAS.xlsx,Service_Excellence_by_CAAS,1008,2565,ไม่ระบุ,บริการวิชาการแบบมีรายได้,ไม่ระบุ,ผลิตภัณฑ์เกาหลี Rokkiss water glaciar soothing gel,0.0,0.0,0.0,0.0,960.0,0.0,0.0,0.0,ศูนย์การแปล
Operational & Service Excellence by CAAS.xlsx,Service_Excellence_by_CAAS,1009,2565,ไม่ระบุ,บริการวิชาการแบบมีรายได้,ไม่ระบุ,ข้อ 3 ข่าวสารและกิจกรรม,0.0,0.0,0.0,0.0,1370.0,0.0,0.0,0.0,ศูนย์การแปล
Operational & Service Excellence by CAAS.xlsx,Service_Excellence_by_CAAS,1010,2565,ไม่ระบุ,บริการวิชาการแบบมีรายได้,ไม่ระบุ,คำอ่านและคำแปลอักษรจีน,0.0,0.0,0.0,0.0,630.0,0.0,0.0,0.0,ศูนย์การแปล
Operational & Service Excellence by CAAS.xlsx,Service_Excellence_by_CAAS,1011,2565,ไม่ระบุ,บริการวิชาการแบบมีรายได้,ไม่ระบุ,เอกสารภาษาจีน Portable ATP Reader,0.0,0.0,0.0,0.0,1290.0,0.0,0.0,0.0,ศูนย์การแปล
Operational & Service Excellence by CAAS.xlsx,Service_Excellence_by_CAAS,1012,2565,ไม่ระบุ,บริการวิชาการแบบมีรายได้,ไม่ระบุ,ฉลากผลิตภัณฑ์เกาหลี FRUDIA  จำนวน 6 รายการ,0.0,0.0,0.0,0.0,5260.0,0.0,0.0,0.0,ศูนย์การแปล
Operational & Service Excellence by CAAS.xlsx,Service_Excellence_by_CAAS,1013,2565,ไม่ระบุ,บริการวิชาการแบบมีรายได้,ไม่ระบุ,ผลิตภัณฑ์เกาหลี MIRAKU MIRACLE WHITENING CREAM,0.0,0.0,0.0,0.0,960.0,0.0,0.0,0.0,ศูนย์การแปล
Operational & Service Excellence by CAAS.xlsx,Service_Excellence_by_CAAS,1014,2565,ไม่ระบุ,บริการวิชาการแบบมีรายได้,ไม่ระบุ,Naganori_Declaration,0.0,0.0,0.0,0.0,1070.0,0.0,0.0,0.0,ศูนย์การแปล
Operational & Service Excellence by CAAS.xlsx,Service_Excellence_by_CAAS,1015,2565,ไม่ระบุ,บริการวิชาการแบบมีรายได้,ไม่ระบุ,ผลิตภัณฑ์ Detergent,0.0,0.0,0.0,0.0,1410.0,0.0,0.0,0.0,ศูนย์การแปล
Operational & Service Excellence by CAAS.xlsx,Service_Excellence_by_CAAS,1016,2565,ไม่ระบุ,บริการวิชาการแบบมีรายได้,ไม่ระบุ,Soymeat 3 item,0.0,0.0,0.0,0.0,3505.0,0.0,0.0,0.0,ศูนย์การแปล
Operational & Service Excellence by CAAS.xlsx,Service_Excellence_by_CAAS,1017,2565,ไม่ระบุ,บริการวิชาการแบบมีรายได้,ไม่ระบุ,เอกสารภาษาสเปน,0.0,0.0,0.0,0.0,2390.0,0.0,0.0,0.0,ศูนย์การแปล
Operational & Service Excellence by CAAS.xlsx,Service_Excellence_by_CAAS,1018,2565,ไม่ระบุ,บริการวิชาการแบบมีรายได้,ไม่ระบุ,PIXXELPRO SYNCHRO BOND,0.0,0.0,0.0,0.0,2060.0,0.0,0.0,0.0,ศูนย์การแปล
Operational & Service Excellence by CAAS.xlsx,Service_Excellence_by_CAAS,1019,2565,ไม่ระบุ,บริการวิชาการแบบมีรายได้,ไม่ระบุ,ฉลากผลิตภัณฑ์ยาสีฟัน R.O.C.S. PRO TOOTHPASTE COFFEE & TEA,0.0,0.0,0.0,0.0,1510.0,0.0,0.0,0.0,ศูนย์การแปล
Operational & Service Excellence by CAAS.xlsx,Service_Excellence_by_CAAS,1020,2565,ไม่ระบุ,บริการวิชาการแบบมีรายได้,ไม่ระบุ,ประกาศสำนักงานคณะกรรมการอาหารและยา,0.0,0.0,0.0,0.0,2720.0,0.0,0.0,0.0,ศูนย์การแปล
Operational & Service Excellence by CAAS.xlsx,Service_Excellence_by_CAAS,1021,2565,ไม่ระบุ,บริการวิชาการแบบมีรายได้,ไม่ระบุ,Naganori_ISO22000,0.0,0.0,0.0,0.0,1290.0,0.0,0.0,0.0,ศูนย์การแปล
Operational & Service Excellence by CAAS.xlsx,Service_Excellence_by_CAAS,1022,2565,ไม่ระบุ,บริการวิชาการแบบมีรายได้,ไม่ระบุ,"แบบสำรวจความคิดเห็นของนักศึกษา (ความพึงพอใจ/ความไม่พึงพอใจ) ต่อการจัดการเรียนการสอนและการบริการ
ในช่วงสถานการณ์โควิด 19 ประจำปีการศึกษา 2564",0.0,0.0,0.0,0.0,1100.0,0.0,0.0,0.0,ศูนย์การแปล
Operational & Service Excellence by CAAS.xlsx,Service_Excellence_by_CAAS,1023,2565,ไม่ระบุ,บริการวิชาการแบบมีรายได้,ไม่ระบุ,ถุงมือยาง,0.0,0.0,0.0,0.0,3930.0,0.0,0.0,0.0,ศูนย์การแปล
Operational & Service Excellence by CAAS.xlsx,Service_Excellence_by_CAAS,1024,2565,ไม่ระบุ,บริการวิชาการแบบมีรายได้,ไม่ระบุ,ปริญญาบัตรและใบรับรองแพทย์,0.0,0.0,0.0,0.0,2260.0,0.0,0.0,0.0,ศูนย์การแปล
Operational & Service Excellence by CAAS.xlsx,Service_Excellence_by_CAAS,1025,2565,ไม่ระบุ,บริการวิชาการแบบมีรายได้,ไม่ระบุ,กล่องผลิตภัณฑ์ภาษาจีน,0.0,0.0,0.0,0.0,1510.0,0.0,0.0,0.0,ศูนย์การแปล
Operational & Service Excellence by CAAS.xlsx,Service_Excellence_by_CAAS,1026,2565,ไม่ระบุ,บริการวิชาการแบบมีรายได้,ไม่ระบุ,ฉลากสินค้า MARUTAI Brand 7 รายการ,0.0,0.0,0.0,0.0,8330.0,0.0,0.0,0.0,ศูนย์การแปล
Operational & Service Excellence by CAAS.xlsx,Service_Excellence_by_CAAS,1027,2565,ไม่ระบุ,บริการวิชาการแบบมีรายได้,ไม่ระบุ,สินค้า Hamaotome Brand 5 รายการ,0.0,0.0,0.0,0.0,10440.0,0.0,0.0,0.0,ศูนย์การแปล
Operational & Service Excellence by CAAS.xlsx,Service_Excellence_by_CAAS,1028,2565,ไม่ระบุ,บริการวิชาการแบบมีรายได้,ไม่ระบุ,Cert. และ spec. สินค้า MARUTAI ฺBrand 7 รายการ,0.0,0.0,0.0,0.0,8000.0,0.0,0.0,0.0,ศูนย์การแปล
Operational & Service Excellence by CAAS.xlsx,Service_Excellence_by_CAAS,1029,2565,ไม่ระบุ,บริการวิชาการแบบมีรายได้,ไม่ระบุ,ใบรับรองการศึกษา,0.0,0.0,0.0,0.0,1290.0,0.0,0.0,0.0,ศูนย์การแปล
Operational & Service Excellence by CAAS.xlsx,Service_Excellence_by_CAAS,1030,2565,ไม่ระบุ,บริการวิชาการแบบมีรายได้,ไม่ระบุ,LOLANE PIXXELPRO BLONDE UP HAIR BLEACHING,0.0,0.0,0.0,0.0,1950.0,0.0,0.0,0.0,ศูนย์การแปล
Operational & Service Excellence by CAAS.xlsx,Service_Excellence_by_CAAS,1031,2565,ไม่ระบุ,บริการวิชาการแบบมีรายได้,ไม่ระบุ,cert. Soymeat 3 item,0.0,0.0,0.0,0.0,2400.0,0.0,0.0,0.0,ศูนย์การแปล
Operational & Service Excellence by CAAS.xlsx,Service_Excellence_by_CAAS,1032,2565,ไม่ระบุ,บริการวิชาการแบบมีรายได้,ไม่ระบุ,ประกาศสำนักงานคณะกรรมการอาหารและยา,0.0,0.0,0.0,0.0,2280.0,0.0,0.0,0.0,ศูนย์การแปล
Operational & Service Excellence by CAAS.xlsx,Service_Excellence_by_CAAS,1033,2565,ไม่ระบุ,บริการวิชาการแบบมีรายได้,ไม่ระบุ,ประกาศ GMP สถานการณ์ COVID,0.0,0.0,0.0,0.0,2720.0,0.0,0.0,0.0,ศูนย์การแปล
Operational & Service Excellence by CAAS.xlsx,Service_Excellence_by_CAAS,1034,2565,ไม่ระบุ,บริการวิชาการแบบมีรายได้,ไม่ระบุ,Z-cool milky color lift foam,0.0,0.0,0.0,0.0,2280.0,0.0,0.0,0.0,ศูนย์การแปล
Operational & Service Excellence by CAAS.xlsx,Service_Excellence_by_CAAS,1035,2565,ไม่ระบุ,บริการวิชาการแบบมีรายได้,ไม่ระบุ,ผลิตภัณฑ์ Face shield,0.0,0.0,0.0,0.0,1400.0,0.0,0.0,0.0,ศูนย์การแปล
Operational & Service Excellence by CAAS.xlsx,Service_Excellence_by_CAAS,1036,2565,ไม่ระบุ,บริการวิชาการแบบมีรายได้,ไม่ระบุ,Noodle Morii shokuhin Brand จำนวน 2 รายการ,0.0,0.0,0.0,0.0,8585.0,0.0,0.0,0.0,ศูนย์การแปล
Operational & Service Excellence by CAAS.xlsx,Service_Excellence_by_CAAS,1037,2565,ไม่ระบุ,บริการวิชาการแบบมีรายได้,ไม่ระบุ,OTAFUKU Brand  จำนวน 3 รายการ,0.0,0.0,0.0,0.0,10995.0,0.0,0.0,0.0,ศูนย์การแปล
Operational & Service Excellence by CAAS.xlsx,Service_Excellence_by_CAAS,1038,2565,ไม่ระบุ,บริการวิชาการแบบมีรายได้,ไม่ระบุ,ข้อความภาษาเกาหลี,0.0,0.0,0.0,0.0,740.0,0.0,0.0,0.0,ศูนย์การแปล
Operational & Service Excellence by CAAS.xlsx,Service_Excellence_by_CAAS,1039,2565,ไม่ระบุ,บริการวิชาการแบบมีรายได้,ไม่ระบุ,ฉลากสินค้า Collagen จำนวน 2 รายการ,0.0,0.0,0.0,0.0,1930.0,0.0,0.0,0.0,ศูนย์การแปล
Operational & Service Excellence by CAAS.xlsx,Service_Excellence_by_CAAS,1040,2565,ไม่ระบุ,บริการวิชาการแบบมีรายได้,ไม่ระบุ,Mouth Clean A จำนวน 3 รายการ,0.0,0.0,0.0,0.0,1800.0,0.0,0.0,0.0,ศูนย์การแปล
Operational & Service Excellence by CAAS.xlsx,Service_Excellence_by_CAAS,1041,2565,ไม่ระบุ,บริการวิชาการแบบมีรายได้,ไม่ระบุ,ฉลากผลิตภัณฑ์ French Roselle,0.0,0.0,0.0,0.0,1730.0,0.0,0.0,0.0,ศูนย์การแปล
Operational & Service Excellence by CAAS.xlsx,Service_Excellence_by_CAAS,1042,2565,ไม่ระบุ,บริการวิชาการแบบมีรายได้,ไม่ระบุ,เอกสารภาษาจีน,0.0,0.0,0.0,0.0,1620.0,0.0,0.0,0.0,ศูนย์การแปล
Operational & Service Excellence by CAAS.xlsx,Service_Excellence_by_CAAS,1043,2565,ไม่ระบุ,บริการวิชาการแบบมีรายได้,ไม่ระบุ,เอกสารภาษาจีน,0.0,0.0,0.0,0.0,8090.0,0.0,0.0,0.0,ศูนย์การแปล
Operational & Service Excellence by CAAS.xlsx,Service_Excellence_by_CAAS,1044,2565,ไม่ระบุ,บริการวิชาการแบบมีรายได้,ไม่ระบุ,sales permission of Marutai,0.0,0.0,0.0,0.0,1400.0,0.0,0.0,0.0,ศูนย์การแปล
Operational & Service Excellence by CAAS.xlsx,Service_Excellence_by_CAAS,1045,2565,ไม่ระบุ,บริการวิชาการแบบมีรายได้,ไม่ระบุ,Nomura _Letter,0.0,0.0,0.0,0.0,1400.0,0.0,0.0,0.0,ศูนย์การแปล
Operational & Service Excellence by CAAS.xlsx,Service_Excellence_by_CAAS,1046,2565,ไม่ระบุ,บริการวิชาการแบบมีรายได้,ไม่ระบุ,ฉลากผลิตภัณฑ์ Cutton bud จำนวน 3 รายการ,0.0,0.0,0.0,0.0,2350.0,0.0,0.0,0.0,ศูนย์การแปล
Operational & Service Excellence by CAAS.xlsx,Service_Excellence_by_CAAS,1047,2565,ไม่ระบุ,บริการวิชาการแบบมีรายได้,ไม่ระบุ,ฉลากผลิตภัณฑ์ของทิชชู่เปียกไซส์ใหญ่ และเอกสารใบรับรองมาตรฐาน,0.0,0.0,0.0,0.0,6550.0,0.0,0.0,0.0,ศูนย์การแปล
Operational & Service Excellence by CAAS.xlsx,Service_Excellence_by_CAAS,1048,2565,ไม่ระบุ,บริการวิชาการแบบมีรายได้,ไม่ระบุ,ใบปริญญาบัตร,0.0,0.0,0.0,0.0,2370.0,0.0,0.0,0.0,ศูนย์การแปล
Operational & Service Excellence by CAAS.xlsx,Service_Excellence_by_CAAS,1049,2565,ไม่ระบุ,บริการวิชาการแบบมีรายได้,ไม่ระบุ,ฉลากผลิตภัณฑ์เกาหลี JFLEE จำนวน 10 รายการ,0.0,0.0,0.0,0.0,8700.0,0.0,0.0,0.0,ศูนย์การแปล
Operational & Service Excellence by CAAS.xlsx,Service_Excellence_by_CAAS,1050,2565,ไม่ระบุ,บริการวิชาการแบบมีรายได้,ไม่ระบุ,ฉลากผลิตภัณฑ์เกาหลี Jmella จำนวน 10 รายการ,0.0,0.0,0.0,0.0,8700.0,0.0,0.0,0.0,ศูนย์การแปล
Operational & Service Excellence by CAAS.xlsx,Service_Excellence_by_CAAS,1051,2565,ไม่ระบุ,บริการวิชาการแบบมีรายได้,ไม่ระบุ,Nutrition TEST,0.0,0.0,0.0,0.0,4260.0,0.0,0.0,0.0,ศูนย์การแปล
Operational & Service Excellence by CAAS.xlsx,Service_Excellence_by_CAAS,1052,2565,ไม่ระบุ,บริการวิชาการแบบมีรายได้,ไม่ระบุ,ฉลากผลิตภัณฑ์ French Roselle (เพิ่มเติม),0.0,0.0,0.0,0.0,330.0,0.0,0.0,0.0,ศูนย์การแปล
Operational & Service Excellence by CAAS.xlsx,Service_Excellence_by_CAAS,1053,2565,ไม่ระบุ,บริการวิชาการแบบมีรายได้,ไม่ระบุ,สินค้า Eye stick  จำนวน 2 รายการ,0.0,0.0,0.0,0.0,2150.0,0.0,0.0,0.0,ศูนย์การแปล
Operational & Service Excellence by CAAS.xlsx,Service_Excellence_by_CAAS,1054,2565,ไม่ระบุ,บริการวิชาการแบบมีรายได้,ไม่ระบุ,ประกาศสำนักงานคณะกรรมการอาหารและยา (เพิ่มเติม),0.0,0.0,0.0,0.0,1380.0,0.0,0.0,0.0,ศูนย์การแปล
Operational & Service Excellence by CAAS.xlsx,Service_Excellence_by_CAAS,1055,2565,ไม่ระบุ,บริการวิชาการแบบมีรายได้,ไม่ระบุ,กล่องผลิตภัณฑ์เครื่องสำอางภาษาเกาหลี,0.0,0.0,0.0,0.0,1070.0,0.0,0.0,0.0,ศูนย์การแปล
Operational & Service Excellence by CAAS.xlsx,Service_Excellence_by_CAAS,1056,2565,ไม่ระบุ,บริการวิชาการแบบมีรายได้,ไม่ระบุ,Spec Furikake จำนวน 5 รายการ (เพิ่มเติม),0.0,0.0,0.0,0.0,10750.0,0.0,0.0,0.0,ศูนย์การแปล
Operational & Service Excellence by CAAS.xlsx,Service_Excellence_by_CAAS,1057,2565,ไม่ระบุ,บริการวิชาการแบบมีรายได้,ไม่ระบุ,Spec Marutai จำนวน 7 รายการ (เพิ่มเติม),0.0,0.0,0.0,0.0,8285.0,0.0,0.0,0.0,ศูนย์การแปล
Operational & Service Excellence by CAAS.xlsx,Service_Excellence_by_CAAS,1058,2565,ไม่ระบุ,บริการวิชาการแบบมีรายได้,ไม่ระบุ,Spec Soymeat  จำนวน 3 รายการ,0.0,0.0,0.0,0.0,7130.0,0.0,0.0,0.0,ศูนย์การแปล
Operational & Service Excellence by CAAS.xlsx,Service_Excellence_by_CAAS,1059,2565,ไม่ระบุ,บริการวิชาการแบบมีรายได้,ไม่ระบุ,ฉลากผลิตภัณฑ์กาแฟ BTS  จำนวน 3 รายการ,0.0,0.0,0.0,0.0,2680.0,0.0,0.0,0.0,ศูนย์การแปล
Operational & Service Excellence by CAAS.xlsx,Service_Excellence_by_CAAS,1060,2565,ไม่ระบุ,บริการวิชาการแบบมีรายได้,ไม่ระบุ,ใบรับรองการศึกษา,0.0,0.0,0.0,0.0,1930.0,0.0,0.0,0.0,ศูนย์การแปล
Operational & Service Excellence by CAAS.xlsx,Service_Excellence_by_CAAS,1061,2565,ไม่ระบุ,บริการวิชาการแบบมีรายได้,ไม่ระบุ,Included text in CCDS,0.0,0.0,0.0,0.0,1400.0,0.0,0.0,0.0,ศูนย์การแปล
Operational & Service Excellence by CAAS.xlsx,Service_Excellence_by_CAAS,1062,2565,ไม่ระบุ,บริการวิชาการแบบมีรายได้,ไม่ระบุ,spec สินค้า Noodle Morii (เพิ่มเติม),0.0,0.0,0.0,0.0,840.0,0.0,0.0,0.0,ศูนย์การแปล
Operational & Service Excellence by CAAS.xlsx,Service_Excellence_by_CAAS,1063,2565,ไม่ระบุ,บริการวิชาการแบบมีรายได้,ไม่ระบุ,แบบสอบถาม SAQ,0.0,0.0,0.0,0.0,1400.0,0.0,0.0,0.0,ศูนย์การแปล
Operational & Service Excellence by CAAS.xlsx,Service_Excellence_by_CAAS,1064,2565,ไม่ระบุ,บริการวิชาการแบบมีรายได้,ไม่ระบุ,น้ำหอมและเอกสารใบอนุญาต,0.0,0.0,0.0,0.0,29000.0,0.0,0.0,0.0,ศูนย์การแปล
Operational & Service Excellence by CAAS.xlsx,Service_Excellence_by_CAAS,1065,2565,ไม่ระบุ,บริการวิชาการแบบมีรายได้,ไม่ระบุ,ฉลากผลิตภัณฑ์ MATUREmore,0.0,0.0,0.0,0.0,1290.0,0.0,0.0,0.0,ศูนย์การแปล
Operational & Service Excellence by CAAS.xlsx,Service_Excellence_by_CAAS,1066,2565,ไม่ระบุ,บริการวิชาการแบบมีรายได้,ไม่ระบุ,ใบรับรองจบการศึกษาและ Transcript,0.0,0.0,0.0,0.0,2680.0,0.0,0.0,0.0,ศูนย์การแปล
Operational & Service Excellence by CAAS.xlsx,Service_Excellence_by_CAAS,1067,2565,ไม่ระบุ,บริการวิชาการแบบมีรายได้,ไม่ระบุ,Manufacture permission of Karunah H28.8.21～H35.8.2,0.0,0.0,0.0,0.0,1510.0,0.0,0.0,0.0,ศูนย์การแปล
Operational & Service Excellence by CAAS.xlsx,Service_Excellence_by_CAAS,1068,2565,ไม่ระบุ,บริการวิชาการแบบมีรายได้,ไม่ระบุ,แบบสอบถาม I-PRRS,0.0,0.0,0.0,0.0,630.0,0.0,0.0,0.0,ศูนย์การแปล
Operational & Service Excellence by CAAS.xlsx,Service_Excellence_by_CAAS,1069,2565,ไม่ระบุ,บริการวิชาการแบบมีรายได้,ไม่ระบุ,ฉลากผลิตภัณฑ์ Binocular Magnifying จำนวน 3 รายการ,0.0,0.0,0.0,0.0,2515.0,0.0,0.0,0.0,ศูนย์การแปล
Operational & Service Excellence by CAAS.xlsx,Service_Excellence_by_CAAS,1070,2565,ไม่ระบุ,บริการวิชาการแบบมีรายได้,ไม่ระบุ,ฉลากผลิตภัณฑ์เกาหลี DahRuem RELIEF AMPOULE,0.0,0.0,0.0,0.0,1070.0,0.0,0.0,0.0,ศูนย์การแปล
Operational & Service Excellence by CAAS.xlsx,Service_Excellence_by_CAAS,1071,2565,ไม่ระบุ,บริการวิชาการแบบมีรายได้,ไม่ระบุ,อีเมลรับรองการศึกษา,0.0,0.0,0.0,0.0,1180.0,0.0,0.0,0.0,ศูนย์การแปล
Operational & Service Excellence by CAAS.xlsx,Service_Excellence_by_CAAS,1072,2565,ไม่ระบุ,บริการวิชาการแบบมีรายได้,ไม่ระบุ,เอกสารภาษาโปลิช,0.0,0.0,0.0,0.0,750.0,0.0,0.0,0.0,ศูนย์การแปล
Operational & Service Excellence by CAAS.xlsx,Service_Excellence_by_CAAS,1073,2565,ไม่ระบุ,บริการวิชาการแบบมีรายได้,ไม่ระบุ,หนังสือรับรอง,0.0,0.0,0.0,0.0,4900.0,0.0,0.0,0.0,ศูนย์การแปล
Operational & Service Excellence by CAAS.xlsx,Service_Excellence_by_CAAS,1074,2565,ไม่ระบุ,บริการวิชาการแบบมีรายได้,ไม่ระบุ,ฉลากผลิตภัณฑ์กาแฟ BTS  (เพิ่มเติม) จำนวน 3 รายการ,0.0,0.0,0.0,0.0,1420.0,0.0,0.0,0.0,ศูนย์การแปล
Operational & Service Excellence by CAAS.xlsx,Service_Excellence_by_CAAS,1075,2565,ไม่ระบุ,บริการวิชาการแบบมีรายได้,ไม่ระบุ,ฉลากผลิตภัณฑ์เกาหลี Mernel จำนวน 1 รายการ,0.0,0.0,0.0,0.0,960.0,0.0,0.0,0.0,ศูนย์การแปล
Operational & Service Excellence by CAAS.xlsx,Service_Excellence_by_CAAS,1076,2565,ไม่ระบุ,บริการวิชาการแบบมีรายได้,ไม่ระบุ,ประกาศสำนักงานคณะกรรมการอาหารและยา (เพิ่มเติม),0.0,0.0,0.0,0.0,630.0,0.0,0.0,0.0,ศูนย์การแปล
Operational & Service Excellence by CAAS.xlsx,Service_Excellence_by_CAAS,1077,2565,ไม่ระบุ,บริการวิชาการแบบมีรายได้,ไม่ระบุ,ฉลากผลิตภัณฑ์หน้ากากอนามัย จำนวน 4 รายการ,0.0,0.0,0.0,0.0,2220.0,0.0,0.0,0.0,ศูนย์การแปล
Operational & Service Excellence by CAAS.xlsx,Service_Excellence_by_CAAS,1078,2565,ไม่ระบุ,บริการวิชาการแบบมีรายได้,ไม่ระบุ,Marubishi & Nomura Cert.,0.0,0.0,0.0,0.0,2590.0,0.0,0.0,0.0,ศูนย์การแปล
Operational & Service Excellence by CAAS.xlsx,Service_Excellence_by_CAAS,1079,2565,ไม่ระบุ,บริการวิชาการแบบมีรายได้,ไม่ระบุ,ใบรายงานผล,0.0,0.0,0.0,0.0,640.0,0.0,0.0,0.0,ศูนย์การแปล
Operational & Service Excellence by CAAS.xlsx,Service_Excellence_by_CAAS,1080,2565,ไม่ระบุ,บริการวิชาการแบบมีรายได้,ไม่ระบุ,ผลิตภัณฑ์เกาหลี Queendoes จำนวน 5 รายการ,0.0,0.0,0.0,0.0,4400.0,0.0,0.0,0.0,ศูนย์การแปล
Operational & Service Excellence by CAAS.xlsx,Service_Excellence_by_CAAS,1081,2565,ไม่ระบุ,บริการวิชาการแบบมีรายได้,ไม่ระบุ,เอกสารภาษาจีน,0.0,0.0,0.0,0.0,1400.0,0.0,0.0,0.0,ศูนย์การแปล
Operational & Service Excellence by CAAS.xlsx,Service_Excellence_by_CAAS,1082,2565,ไม่ระบุ,บริการวิชาการแบบมีรายได้,ไม่ระบุ,หัวข้อคลิปวิดีโอ : แนวทางการปฏิบัติตนในภาวะฉุกเฉิน สำหรับนักศึกษาบ้านมหิดล,0.0,0.0,0.0,0.0,5720.0,0.0,0.0,0.0,ศูนย์การแปล
Operational & Service Excellence by CAAS.xlsx,Service_Excellence_by_CAAS,1083,2565,ไม่ระบุ,บริการวิชาการแบบมีรายได้,ไม่ระบุ,บทบรรยายของวิดีโอหัวข้อ “How to Write Course Learning Outcome”,0.0,0.0,0.0,0.0,60500.0,0.0,0.0,0.0,ศูนย์การแปล
Operational & Service Excellence by CAAS.xlsx,Service_Excellence_by_CAAS,1084,2565,ไม่ระบุ,บริการวิชาการแบบมีรายได้,ไม่ระบุ,นโยบายด้านจริยธรรมปัญญาประดิษฐ์,0.0,0.0,0.0,0.0,4260.0,0.0,0.0,0.0,ศูนย์การแปล
Operational & Service Excellence by CAAS.xlsx,Service_Excellence_by_CAAS,1085,2565,ไม่ระบุ,บริการวิชาการแบบมีรายได้,ไม่ระบุ,ประวัติ พระธาตุวัดปางหมู,0.0,0.0,0.0,0.0,850.0,0.0,0.0,0.0,ศูนย์การแปล
Operational & Service Excellence by CAAS.xlsx,Service_Excellence_by_CAAS,1086,2565,ไม่ระบุ,บริการวิชาการแบบมีรายได้,ไม่ระบุ,หนังสือตัวแทนจำหน่าย,0.0,0.0,0.0,0.0,850.0,0.0,0.0,0.0,ศูนย์การแปล
Operational & Service Excellence by CAAS.xlsx,Service_Excellence_by_CAAS,1087,2565,ไม่ระบุ,บริการวิชาการแบบมีรายได้,ไม่ระบุ,KINJO_ISO22000,0.0,0.0,0.0,0.0,850.0,0.0,0.0,0.0,ศูนย์การแปล
Operational & Service Excellence by CAAS.xlsx,Service_Excellence_by_CAAS,1088,2565,ไม่ระบุ,บริการวิชาการแบบมีรายได้,ไม่ระบุ,ผลิตภัณฑ์ Cooling Gel Sheet จำนวน 2 รายการ,0.0,0.0,0.0,0.0,1600.0,0.0,0.0,0.0,ศูนย์การแปล
Operational & Service Excellence by CAAS.xlsx,Service_Excellence_by_CAAS,1089,2565,ไม่ระบุ,บริการวิชาการแบบมีรายได้,ไม่ระบุ,ผลิตภัณฑ์เกาหลี Wish365,0.0,0.0,0.0,0.0,960.0,0.0,0.0,0.0,ศูนย์การแปล
Operational & Service Excellence by CAAS.xlsx,Service_Excellence_by_CAAS,1090,2565,ไม่ระบุ,บริการวิชาการแบบมีรายได้,ไม่ระบุ,LEAFLET PARECOXIB HEALTH AUSTRALIA,0.0,0.0,0.0,0.0,16800.0,0.0,0.0,0.0,ศูนย์การแปล
Operational & Service Excellence by CAAS.xlsx,Service_Excellence_by_CAAS,1091,2565,ไม่ระบุ,บริการวิชาการแบบมีรายได้,ไม่ระบุ,น้ำหอมและเอกสารใบอนุญาต (30 ml) จำนวน 5 รายการ,0.0,0.0,0.0,0.0,27830.0,0.0,0.0,0.0,ศูนย์การแปล
Operational & Service Excellence by CAAS.xlsx,Service_Excellence_by_CAAS,1092,2565,ไม่ระบุ,บริการวิชาการแบบมีรายได้,ไม่ระบุ,ประกาศสำนักงานคณะกรรมการอาหารและยา (เพิ่มเติม),0.0,0.0,0.0,0.0,1000.0,0.0,0.0,0.0,ศูนย์การแปล
Operational & Service Excellence by CAAS.xlsx,Service_Excellence_by_CAAS,1093,2565,ไม่ระบุ,บริการวิชาการแบบมีรายได้,ไม่ระบุ,หนังสือรัับรอง,0.0,0.0,0.0,0.0,630.0,0.0,0.0,0.0,ศูนย์การแปล
Operational & Service Excellence by CAAS.xlsx,Service_Excellence_by_CAAS,1094,2565,ไม่ระบุ,บริการวิชาการแบบมีรายได้,ไม่ระบุ,ผลิตภัณฑ์เกาหลี Ampouling จำนวน 2 รายการ,0.0,0.0,0.0,0.0,1930.0,0.0,0.0,0.0,ศูนย์การแปล
Operational & Service Excellence by CAAS.xlsx,Service_Excellence_by_CAAS,1095,2565,ไม่ระบุ,บริการวิชาการแบบมีรายได้,ไม่ระบุ,ผลิตภัณฑ์เกาหลี LAPPLAPP WET WIPES จำนวน 4 รายการ,0.0,0.0,0.0,0.0,3760.0,0.0,0.0,0.0,ศูนย์การแปล
Operational & Service Excellence by CAAS.xlsx,Service_Excellence_by_CAAS,1096,2565,ไม่ระบุ,บริการวิชาการแบบมีรายได้,ไม่ระบุ,เว็บไซต์ของศูนย์ COSHEM (ช้อมูลด้านความปลอดภัยทางอินเตอร์เน็ต),0.0,0.0,0.0,0.0,29260.0,0.0,0.0,0.0,ศูนย์การแปล
Operational & Service Excellence by CAAS.xlsx,Service_Excellence_by_CAAS,1097,2565,ไม่ระบุ,บริการวิชาการแบบมีรายได้,ไม่ระบุ,สัญญาเช่าที่ดิน และสัญญาเช่าอาคาร,0.0,0.0,0.0,0.0,22880.0,0.0,0.0,0.0,ศูนย์การแปล
Operational & Service Excellence by CAAS.xlsx,Service_Excellence_by_CAAS,1098,2565,ไม่ระบุ,บริการวิชาการแบบมีรายได้,ไม่ระบุ,หนังสือรับรองและใบอนุญาต,0.0,0.0,0.0,0.0,9740.0,0.0,0.0,0.0,ศูนย์การแปล
Operational & Service Excellence by CAAS.xlsx,Service_Excellence_by_CAAS,1099,2565,ไม่ระบุ,บริการวิชาการแบบมีรายได้,ไม่ระบุ,ฉลากผลิตภัณฑ์เกาหลี JM Solution,0.0,0.0,0.0,0.0,1070.0,0.0,0.0,0.0,ศูนย์การแปล
Operational & Service Excellence by CAAS.xlsx,Service_Excellence_by_CAAS,1100,2565,ไม่ระบุ,บริการวิชาการแบบมีรายได้,ไม่ระบุ,หนังสือแนวปฏิบัติการใช้แรงงานที่ดี,0.0,0.0,0.0,0.0,13500.0,0.0,0.0,0.0,ศูนย์การแปล
Operational & Service Excellence by CAAS.xlsx,Service_Excellence_by_CAAS,1101,2565,ไม่ระบุ,บริการวิชาการแบบมีรายได้,ไม่ระบุ,ฉลากผลิตภัณฑ์ BLUE CAP SPRAY,0.0,0.0,0.0,0.0,1730.0,0.0,0.0,0.0,ศูนย์การแปล
Operational & Service Excellence by CAAS.xlsx,Service_Excellence_by_CAAS,1102,2565,ไม่ระบุ,บริการวิชาการแบบมีรายได้,ไม่ระบุ,เอกสารสถาบันนวัตกรรมการเรียนรู้,0.0,0.0,0.0,0.0,10010.0,0.0,0.0,0.0,ศูนย์การแปล
Operational & Service Excellence by CAAS.xlsx,Service_Excellence_by_CAAS,1103,2565,ไม่ระบุ,บริการวิชาการแบบมีรายได้,ไม่ระบุ,ผลิตภัณฑ์เกาหลี Desembre จำนวน 2 รายการ,0.0,0.0,0.0,0.0,1930.0,0.0,0.0,0.0,ศูนย์การแปล
Operational & Service Excellence by CAAS.xlsx,Service_Excellence_by_CAAS,1104,2565,ไม่ระบุ,บริการวิชาการแบบมีรายได้,ไม่ระบุ,แผ่นพับแนวปฏิบัติการใช้แรงงานที่ดี,0.0,0.0,0.0,0.0,3600.0,0.0,0.0,0.0,ศูนย์การแปล
Operational & Service Excellence by CAAS.xlsx,Service_Excellence_by_CAAS,1105,2565,ไม่ระบุ,บริการวิชาการแบบมีรายได้,ไม่ระบุ,ฉลากผลิตภัณฑ์ Ginger&Yuzu,0.0,0.0,0.0,0.0,960.0,0.0,0.0,0.0,ศูนย์การแปล
Operational & Service Excellence by CAAS.xlsx,Service_Excellence_by_CAAS,1106,2565,ไม่ระบุ,บริการวิชาการแบบมีรายได้,ไม่ระบุ,เอกสารการศึกษา กศน ม.6,0.0,0.0,0.0,0.0,1070.0,0.0,0.0,0.0,ศูนย์การแปล
Operational & Service Excellence by CAAS.xlsx,Service_Excellence_by_CAAS,1107,2565,ไม่ระบุ,บริการวิชาการแบบมีรายได้,ไม่ระบุ,Kajitani Shokuhin_JFS-B,0.0,0.0,0.0,0.0,1290.0,0.0,0.0,0.0,ศูนย์การแปล
Operational & Service Excellence by CAAS.xlsx,Service_Excellence_by_CAAS,1108,2565,ไม่ระบุ,บริการวิชาการแบบมีรายได้,ไม่ระบุ,SHIROISHI KOSAN_Article5.2,0.0,0.0,0.0,0.0,1300.0,0.0,0.0,0.0,ศูนย์การแปล
Operational & Service Excellence by CAAS.xlsx,Service_Excellence_by_CAAS,1109,2565,ไม่ระบุ,บริการวิชาการแบบมีรายได้,ไม่ระบุ,ฉลากผลิตภัณฑ์เกาหลี,0.0,0.0,0.0,0.0,1070.0,0.0,0.0,0.0,ศูนย์การแปล
Operational & Service Excellence by CAAS.xlsx,Service_Excellence_by_CAAS,1110,2565,ไม่ระบุ,บริการวิชาการแบบมีรายได้,ไม่ระบุ,คคิจักรวาลกับการสร้างเมือง,0.0,0.0,0.0,0.0,4260.0,0.0,0.0,0.0,ศูนย์การแปล
Operational & Service Excellence by CAAS.xlsx,Service_Excellence_by_CAAS,1111,2565,ไม่ระบุ,บริการวิชาการแบบมีรายได้,ไม่ระบุ,Kikuya_FSSC22000,0.0,0.0,0.0,0.0,2480.0,0.0,0.0,0.0,ศูนย์การแปล
Operational & Service Excellence by CAAS.xlsx,Service_Excellence_by_CAAS,1112,2565,ไม่ระบุ,บริการวิชาการแบบมีรายได้,ไม่ระบุ,ฉลากผลิตภัณฑ์ญี่ปุ่น Citrusprince_Meranoserchcream,0.0,0.0,0.0,0.0,1620.0,0.0,0.0,0.0,ศูนย์การแปล
Operational & Service Excellence by CAAS.xlsx,Service_Excellence_by_CAAS,1113,2565,ไม่ระบุ,บริการวิชาการแบบมีรายได้,ไม่ระบุ,คลีนซิ่งและใบรับรองมาตรฐาน,0.0,0.0,0.0,0.0,6240.0,0.0,0.0,0.0,ศูนย์การแปล
Operational & Service Excellence by CAAS.xlsx,Service_Excellence_by_CAAS,1114,2565,ไม่ระบุ,บริการวิชาการแบบมีรายได้,ไม่ระบุ,Takeda Honsha_Article52 และ Marubishi_JFS-B,0.0,0.0,0.0,0.0,2600.0,0.0,0.0,0.0,ศูนย์การแปล
Operational & Service Excellence by CAAS.xlsx,Service_Excellence_by_CAAS,1115,2565,ไม่ระบุ,บริการวิชาการแบบมีรายได้,ไม่ระบุ,ผลิตภัณฑ์เกาหลี Skinsaeng จำนวน 2 รายการ,0.0,0.0,0.0,0.0,1820.0,0.0,0.0,0.0,ศูนย์การแปล
Operational & Service Excellence by CAAS.xlsx,Service_Excellence_by_CAAS,1116,2565,ไม่ระบุ,บริการวิชาการแบบมีรายได้,ไม่ระบุ,ผลิตภัณฑ์เกาหลี YUAN SKIN,0.0,0.0,0.0,0.0,2720.0,0.0,0.0,0.0,ศูนย์การแปล
Operational & Service Excellence by CAAS.xlsx,Service_Excellence_by_CAAS,1117,2566,ไม่ระบุ,บริการวิชาการแบบมีรายได้,ไม่ระบุ,ฉลากผลิตภัณฑ์ Kirimochi Rice Cake จำนวน 4 รายการ,0.0,0.0,0.0,0.0,4200.0,0.0,0.0,0.0,ศูนย์การแปล
Operational & Service Excellence by CAAS.xlsx,Service_Excellence_by_CAAS,1118,2566,ไม่ระบุ,บริการวิชาการแบบมีรายได้,ไม่ระบุ,Keyportion_JFS-B,0.0,0.0,0.0,0.0,1290.0,0.0,0.0,0.0,ศูนย์การแปล
Operational & Service Excellence by CAAS.xlsx,Service_Excellence_by_CAAS,1119,2566,ไม่ระบุ,บริการวิชาการแบบมีรายได้,ไม่ระบุ,ฉลากผลิตภัณฑ์ Kurashi –Rhythm Cool Refresh Sheet Peach,0.0,0.0,0.0,0.0,1620.0,0.0,0.0,0.0,ศูนย์การแปล
Operational & Service Excellence by CAAS.xlsx,Service_Excellence_by_CAAS,1120,2566,ไม่ระบุ,บริการวิชาการแบบมีรายได้,ไม่ระบุ,Shoe Slip Prevention Tape,0.0,0.0,0.0,0.0,1290.0,0.0,0.0,0.0,ศูนย์การแปล
Operational & Service Excellence by CAAS.xlsx,Service_Excellence_by_CAAS,1121,2566,ไม่ระบุ,บริการวิชาการแบบมีรายได้,ไม่ระบุ,ฉลากผลิตภัณฑ์ญี่ปุ่น จำนวน 2 รายการ,0.0,0.0,0.0,0.0,2590.0,0.0,0.0,0.0,ศูนย์การแปล
Operational & Service Excellence by CAAS.xlsx,Service_Excellence_by_CAAS,1122,2566,ไม่ระบุ,บริการวิชาการแบบมีรายได้,ไม่ระบุ,White Glue,0.0,0.0,0.0,0.0,1520.0,0.0,0.0,0.0,ศูนย์การแปล
Operational & Service Excellence by CAAS.xlsx,Service_Excellence_by_CAAS,1123,2566,ไม่ระบุ,บริการวิชาการแบบมีรายได้,ไม่ระบุ,รายงาน,0.0,0.0,0.0,0.0,1400.0,0.0,0.0,0.0,ศูนย์การแปล
Operational & Service Excellence by CAAS.xlsx,Service_Excellence_by_CAAS,1124,2566,ไม่ระบุ,บริการวิชาการแบบมีรายได้,ไม่ระบุ,ยาดองเหล้ากระดูกเสือ,0.0,0.0,0.0,0.0,1400.0,0.0,0.0,0.0,ศูนย์การแปล
Operational & Service Excellence by CAAS.xlsx,Service_Excellence_by_CAAS,1125,2566,ไม่ระบุ,บริการวิชาการแบบมีรายได้,ไม่ระบุ,DAIICHISEIKA & EIKOU,0.0,0.0,0.0,0.0,2480.0,0.0,0.0,0.0,ศูนย์การแปล
Operational & Service Excellence by CAAS.xlsx,Service_Excellence_by_CAAS,1126,2566,ไม่ระบุ,บริการวิชาการแบบมีรายได้,ไม่ระบุ,ข้อความภาษาจีน,0.0,0.0,0.0,0.0,530.0,0.0,0.0,0.0,ศูนย์การแปล
Operational & Service Excellence by CAAS.xlsx,Service_Excellence_by_CAAS,1127,2566,ไม่ระบุ,บริการวิชาการแบบมีรายได้,ไม่ระบุ,ฉลากผลิตภัณฑ์ Kurashi –Rhythm Cool Refresh Sheet จำนวน 4 รายการ,0.0,0.0,0.0,0.0,3760.0,0.0,0.0,0.0,ศูนย์การแปล
Operational & Service Excellence by CAAS.xlsx,Service_Excellence_by_CAAS,1128,2566,ไม่ระบุ,บริการวิชาการแบบมีรายได้,ไม่ระบุ,Cooling Gel จำนวน 9 รายการ,0.0,0.0,0.0,0.0,7840.0,0.0,0.0,0.0,ศูนย์การแปล
Operational & Service Excellence by CAAS.xlsx,Service_Excellence_by_CAAS,1129,2566,ไม่ระบุ,บริการวิชาการแบบมีรายได้,ไม่ระบุ,เอกสารด้านการศึกษา จำนวน 5 รายการ,0.0,0.0,0.0,0.0,13860.0,0.0,0.0,0.0,ศูนย์การแปล
Operational & Service Excellence by CAAS.xlsx,Service_Excellence_by_CAAS,1130,2566,ไม่ระบุ,บริการวิชาการแบบมีรายได้,ไม่ระบุ,แบบฟอร์ม จำนวน 53 ฉบับ,0.0,0.0,0.0,0.0,41060.0,0.0,0.0,0.0,ศูนย์การแปล
Operational & Service Excellence by CAAS.xlsx,Service_Excellence_by_CAAS,1131,2566,ไม่ระบุ,บริการวิชาการแบบมีรายได้,ไม่ระบุ,ฉลากผลิตภัณฑ์ผ้าเช็ดทำความสะอาดเครื่องสำอาง,0.0,0.0,0.0,0.0,5720.0,0.0,0.0,0.0,ศูนย์การแปล
Operational & Service Excellence by CAAS.xlsx,Service_Excellence_by_CAAS,1132,2566,ไม่ระบุ,บริการวิชาการแบบมีรายได้,ไม่ระบุ,ใบรับรองการศึกษา,0.0,0.0,0.0,0.0,1840.0,0.0,0.0,0.0,ศูนย์การแปล
Operational & Service Excellence by CAAS.xlsx,Service_Excellence_by_CAAS,1133,2566,ไม่ระบุ,บริการวิชาการแบบมีรายได้,ไม่ระบุ,ฉลากผลิตภัณฑ์เกาหลี RAREDEW Calming Gel,0.0,0.0,0.0,0.0,960.0,0.0,0.0,0.0,ศูนย์การแปล
Operational & Service Excellence by CAAS.xlsx,Service_Excellence_by_CAAS,1134,2566,ไม่ระบุ,บริการวิชาการแบบมีรายได้,ไม่ระบุ,TAKADAYASEIKA (Article55),0.0,0.0,0.0,0.0,1400.0,0.0,0.0,0.0,ศูนย์การแปล
Operational & Service Excellence by CAAS.xlsx,Service_Excellence_by_CAAS,1135,2566,ไม่ระบุ,บริการวิชาการแบบมีรายได้,ไม่ระบุ,เครื่องมือวิจัยจำนวน 2 ฉบับ,0.0,0.0,0.0,0.0,3830.0,0.0,0.0,0.0,ศูนย์การแปล
Operational & Service Excellence by CAAS.xlsx,Service_Excellence_by_CAAS,1136,2566,ไม่ระบุ,บริการวิชาการแบบมีรายได้,ไม่ระบุ,หลักการจริยธรรมการวิจัย,0.0,0.0,0.0,0.0,2500.0,0.0,0.0,0.0,ศูนย์การแปล
Operational & Service Excellence by CAAS.xlsx,Service_Excellence_by_CAAS,1137,2566,ไม่ระบุ,บริการวิชาการแบบมีรายได้,ไม่ระบุ,ฉลากผลิตภัณฑ์เกาหลี Dr. Mayflower,0.0,0.0,0.0,0.0,960.0,0.0,0.0,0.0,ศูนย์การแปล
Operational & Service Excellence by CAAS.xlsx,Service_Excellence_by_CAAS,1138,2566,ไม่ระบุ,บริการวิชาการแบบมีรายได้,ไม่ระบุ,ประกาศอย. 2565.09.30 - มาตรการผ่อนผัน covid,0.0,0.0,0.0,0.0,2610.0,0.0,0.0,0.0,ศูนย์การแปล
Operational & Service Excellence by CAAS.xlsx,Service_Excellence_by_CAAS,1139,2566,ไม่ระบุ,บริการวิชาการแบบมีรายได้,ไม่ระบุ,เอกสารกำกับยา MIFORMIN,0.0,0.0,0.0,0.0,15700.0,0.0,0.0,0.0,ศูนย์การแปล
Operational & Service Excellence by CAAS.xlsx,Service_Excellence_by_CAAS,1140,2566,ไม่ระบุ,บริการวิชาการแบบมีรายได้,ไม่ระบุ,ฉลากผลิตภัณฑ์เกาหลี BODYFIX,0.0,0.0,0.0,0.0,960.0,0.0,0.0,0.0,ศูนย์การแปล
Operational & Service Excellence by CAAS.xlsx,Service_Excellence_by_CAAS,1141,2566,ไม่ระบุ,บริการวิชาการแบบมีรายได้,ไม่ระบุ,ฉลากผลิตภัณฑ์เกาหลี DR จำนวน 6 รายการ,0.0,0.0,0.0,0.0,5260.0,0.0,0.0,0.0,ศูนย์การแปล
Operational & Service Excellence by CAAS.xlsx,Service_Excellence_by_CAAS,1142,2566,ไม่ระบุ,บริการวิชาการแบบมีรายได้,ไม่ระบุ,ผลิตภัณฑ์ Euc pH5 Hydro Boost Cream 20 ml,0.0,0.0,0.0,0.0,1290.0,0.0,0.0,0.0,ศูนย์การแปล
Operational & Service Excellence by CAAS.xlsx,Service_Excellence_by_CAAS,1143,2566,ไม่ระบุ,บริการวิชาการแบบมีรายได้,ไม่ระบุ,ใบรับรองการศึกษา,0.0,0.0,0.0,0.0,1930.0,0.0,0.0,0.0,ศูนย์การแปล
Operational & Service Excellence by CAAS.xlsx,Service_Excellence_by_CAAS,1144,2566,ไม่ระบุ,บริการวิชาการแบบมีรายได้,ไม่ระบุ,GLP certificate,0.0,0.0,0.0,0.0,960.0,0.0,0.0,0.0,ศูนย์การแปล
Operational & Service Excellence by CAAS.xlsx,Service_Excellence_by_CAAS,1145,2566,ไม่ระบุ,บริการวิชาการแบบมีรายได้,ไม่ระบุ,เอกสารงานวิจัย,0.0,0.0,0.0,0.0,30200.0,0.0,0.0,0.0,ศูนย์การแปล
Operational & Service Excellence by CAAS.xlsx,Service_Excellence_by_CAAS,1146,2566,ไม่ระบุ,บริการวิชาการแบบมีรายได้,ไม่ระบุ,ประกาศสำนักงานคณะกรรมการอาหารและยา,0.0,0.0,0.0,0.0,2280.0,0.0,0.0,0.0,ศูนย์การแปล
Operational & Service Excellence by CAAS.xlsx,Service_Excellence_by_CAAS,1147,2566,ไม่ระบุ,บริการวิชาการแบบมีรายได้,ไม่ระบุ,ข้อความภาษาจีน,0.0,0.0,0.0,0.0,630.0,0.0,0.0,0.0,ศูนย์การแปล
Operational & Service Excellence by CAAS.xlsx,Service_Excellence_by_CAAS,1148,2566,ไม่ระบุ,บริการวิชาการแบบมีรายได้,ไม่ระบุ,ฉลากผลิตภัณฑ์ญี่ปุ่น Flooring wipe,0.0,0.0,0.0,0.0,1400.0,0.0,0.0,0.0,ศูนย์การแปล
Operational & Service Excellence by CAAS.xlsx,Service_Excellence_by_CAAS,1149,2566,ไม่ระบุ,บริการวิชาการแบบมีรายได้,ไม่ระบุ,กล่องผลิตภัณฑ์เกาหลี Frankly จำนวน 2 รายการ,0.0,0.0,0.0,0.0,1820.0,0.0,0.0,0.0,ศูนย์การแปล
Operational & Service Excellence by CAAS.xlsx,Service_Excellence_by_CAAS,1150,2566,ไม่ระบุ,บริการวิชาการแบบมีรายได้,ไม่ระบุ,K-Dema Wording,0.0,0.0,0.0,0.0,740.0,0.0,0.0,0.0,ศูนย์การแปล
Operational & Service Excellence by CAAS.xlsx,Service_Excellence_by_CAAS,1151,2566,ไม่ระบุ,บริการวิชาการแบบมีรายได้,ไม่ระบุ,แบบประเมินกิจกรรมที่ใช้ข้อเข่า,0.0,0.0,0.0,0.0,740.0,0.0,0.0,0.0,ศูนย์การแปล
Operational & Service Excellence by CAAS.xlsx,Service_Excellence_by_CAAS,1152,2566,ไม่ระบุ,บริการวิชาการแบบมีรายได้,ไม่ระบุ,Kawaguchiseika Article55,0.0,0.0,0.0,0.0,1070.0,0.0,0.0,0.0,ศูนย์การแปล
Operational & Service Excellence by CAAS.xlsx,Service_Excellence_by_CAAS,1153,2566,ไม่ระบุ,บริการวิชาการแบบมีรายได้,ไม่ระบุ,ฉลากสินค้าภาษาญี่ปุ่น แฮนด์ครีม จำนวน 2 รายการ,0.0,0.0,0.0,0.0,2260.0,0.0,0.0,0.0,ศูนย์การแปล
Operational & Service Excellence by CAAS.xlsx,Service_Excellence_by_CAAS,1154,2566,ไม่ระบุ,บริการวิชาการแบบมีรายได้,ไม่ระบุ,ฉลากผลิตภัณฑ์เกาหลี melaxin ampoule,0.0,0.0,0.0,0.0,1180.0,0.0,0.0,0.0,ศูนย์การแปล
Operational & Service Excellence by CAAS.xlsx,Service_Excellence_by_CAAS,1155,2566,ไม่ระบุ,บริการวิชาการแบบมีรายได้,ไม่ระบุ,ฉลากผลิตภัณฑ์เกาหลี Brightening,0.0,0.0,0.0,0.0,1180.0,0.0,0.0,0.0,ศูนย์การแปล
Operational & Service Excellence by CAAS.xlsx,Service_Excellence_by_CAAS,1156,2566,ไม่ระบุ,บริการวิชาการแบบมีรายได้,ไม่ระบุ,กล่องผลิตภัณฑ์เกาหลี Frankly จำนวน 1 รายการ,0.0,0.0,0.0,0.0,960.0,0.0,0.0,0.0,ศูนย์การแปล
Operational & Service Excellence by CAAS.xlsx,Service_Excellence_by_CAAS,1157,2566,ไม่ระบุ,บริการวิชาการแบบมีรายได้,ไม่ระบุ,ฉลากผลิตภัณฑ์ Oldam Monstera Baby Wipes,0.0,0.0,0.0,0.0,960.0,0.0,0.0,0.0,ศูนย์การแปล
Operational & Service Excellence by CAAS.xlsx,Service_Excellence_by_CAAS,1158,2566,ไม่ระบุ,บริการวิชาการแบบมีรายได้,ไม่ระบุ,ฉลากผลิตภัณฑ์ญี่ปุ่น จำนวน 3 รายการ,0.0,0.0,0.0,0.0,6200.0,0.0,0.0,0.0,ศูนย์การแปล
Operational & Service Excellence by CAAS.xlsx,Service_Excellence_by_CAAS,1159,2566,ไม่ระบุ,บริการวิชาการแบบมีรายได้,ไม่ระบุ,ข้อความภาษาจีน,0.0,0.0,0.0,0.0,530.0,0.0,0.0,0.0,ศูนย์การแปล
Operational & Service Excellence by CAAS.xlsx,Service_Excellence_by_CAAS,1160,2566,ไม่ระบุ,บริการวิชาการแบบมีรายได้,ไม่ระบุ,Cert. และ Spec.สินค้า Mochi rice cake 400g,0.0,0.0,0.0,0.0,4130.0,0.0,0.0,0.0,ศูนย์การแปล
Operational & Service Excellence by CAAS.xlsx,Service_Excellence_by_CAAS,1161,2566,ไม่ระบุ,บริการวิชาการแบบมีรายได้,ไม่ระบุ,บาตรบุ บ้านบาตร,0.0,0.0,0.0,0.0,2940.0,0.0,0.0,0.0,ศูนย์การแปล
Operational & Service Excellence by CAAS.xlsx,Service_Excellence_by_CAAS,1162,2566,ไม่ระบุ,บริการวิชาการแบบมีรายได้,ไม่ระบุ,เอกสารกำกับยา MIFORMIN (เพิ่มเติม),0.0,0.0,0.0,0.0,220.0,0.0,0.0,0.0,ศูนย์การแปล
Operational & Service Excellence by CAAS.xlsx,Service_Excellence_by_CAAS,1163,2566,ไม่ระบุ,บริการวิชาการแบบมีรายได้,ไม่ระบุ,ฉลากผลิตภัณฑ์ Oldam จำนวน 4 รายการ,0.0,0.0,0.0,0.0,3650.0,0.0,0.0,0.0,ศูนย์การแปล
Operational & Service Excellence by CAAS.xlsx,Service_Excellence_by_CAAS,1164,2566,ไม่ระบุ,บริการวิชาการแบบมีรายได้,ไม่ระบุ,HiTEC 4661® in B20,0.0,0.0,0.0,0.0,630.0,0.0,0.0,0.0,ศูนย์การแปล
Operational & Service Excellence by CAAS.xlsx,Service_Excellence_by_CAAS,1165,2566,ไม่ระบุ,บริการวิชาการแบบมีรายได้,ไม่ระบุ,เกียรติบัตรและหนังสือรับรอง,0.0,0.0,0.0,0.0,4400.0,0.0,0.0,0.0,ศูนย์การแปล
Operational & Service Excellence by CAAS.xlsx,Service_Excellence_by_CAAS,1166,2566,ไม่ระบุ,บริการวิชาการแบบมีรายได้,ไม่ระบุ,ข้อมูลสำหรับส่งประกวด THE Asia Awards 2023,0.0,0.0,0.0,0.0,1540.0,0.0,0.0,0.0,ศูนย์การแปล
Operational & Service Excellence by CAAS.xlsx,Service_Excellence_by_CAAS,1167,2566,ไม่ระบุ,บริการวิชาการแบบมีรายได้,ไม่ระบุ,ประกาศทุนและหนังสือสัญญา,0.0,0.0,0.0,0.0,15730.0,0.0,0.0,0.0,ศูนย์การแปล
Operational & Service Excellence by CAAS.xlsx,Service_Excellence_by_CAAS,1168,2566,ไม่ระบุ,บริการวิชาการแบบมีรายได้,ไม่ระบุ,เอกสารประชาสัมพันธ์หลักสูตรวิทยาศาสตรมหาบัณฑิต และหลักสูตรปรัชญาดุษฎีบัณฑิต สาขาวิทยาศาสตร์และเทคโนโลยีศึกษา (หลักสูตรนานาชาติ),0.0,0.0,0.0,0.0,25520.0,0.0,0.0,0.0,ศูนย์การแปล
Operational & Service Excellence by CAAS.xlsx,Service_Excellence_by_CAAS,1169,2566,ไม่ระบุ,บริการวิชาการแบบมีรายได้,ไม่ระบุ,ฉลากสินค้า Noodles ((TAKAO-NO-MEN Brand) 3 รายการ,0.0,0.0,0.0,0.0,1690.0,0.0,0.0,0.0,ศูนย์การแปล
Operational & Service Excellence by CAAS.xlsx,Service_Excellence_by_CAAS,1170,2566,ไม่ระบุ,บริการวิชาการแบบมีรายได้,ไม่ระบุ,certificate และ Spec Mochi Slice Rice Cake (Iris Food Brand) 180 g,0.0,0.0,0.0,0.0,3700.0,0.0,0.0,0.0,ศูนย์การแปล
Operational & Service Excellence by CAAS.xlsx,Service_Excellence_by_CAAS,1171,2566,ไม่ระบุ,บริการวิชาการแบบมีรายได้,ไม่ระบุ,เอกสารคู่มือการใช้งาน Dolce,0.0,0.0,0.0,0.0,20100.0,0.0,0.0,0.0,ศูนย์การแปล
Operational & Service Excellence by CAAS.xlsx,Service_Excellence_by_CAAS,1172,2566,ไม่ระบุ,บริการวิชาการแบบมีรายได้,ไม่ระบุ,ข้อความภาษาจีน,0.0,0.0,0.0,0.0,630.0,0.0,0.0,0.0,ศูนย์การแปล
Operational & Service Excellence by CAAS.xlsx,Service_Excellence_by_CAAS,1173,2566,ไม่ระบุ,บริการวิชาการแบบมีรายได้,ไม่ระบุ,ประกาศสำนักงานคณะกรรมการอาหารและยา,0.0,0.0,0.0,0.0,2610.0,0.0,0.0,0.0,ศูนย์การแปล
Operational & Service Excellence by CAAS.xlsx,Service_Excellence_by_CAAS,1174,2566,ไม่ระบุ,บริการวิชาการแบบมีรายได้,ไม่ระบุ,ฉลากผลิตภัณฑ์เกาหลี Hue_Calm waterful barrier cream,0.0,0.0,0.0,0.0,960.0,0.0,0.0,0.0,ศูนย์การแปล
Operational & Service Excellence by CAAS.xlsx,Service_Excellence_by_CAAS,1175,2566,ไม่ระบุ,บริการวิชาการแบบมีรายได้,ไม่ระบุ,ฉลากผลิตภัณฑ์เกาหลี,0.0,0.0,0.0,0.0,1180.0,0.0,0.0,0.0,ศูนย์การแปล
Operational & Service Excellence by CAAS.xlsx,Service_Excellence_by_CAAS,1176,2566,ไม่ระบุ,บริการวิชาการแบบมีรายได้,ไม่ระบุ,Eucerin pH5 Hydro Serum 20 ml และ Eucerin pH5 Shower oil 20 ml,0.0,0.0,0.0,0.0,2920.0,0.0,0.0,0.0,ศูนย์การแปล
Operational & Service Excellence by CAAS.xlsx,Service_Excellence_by_CAAS,1177,2566,ไม่ระบุ,บริการวิชาการแบบมีรายได้,ไม่ระบุ,Itsuki shokuhin sales permission certificate,0.0,0.0,0.0,0.0,1410.0,0.0,0.0,0.0,ศูนย์การแปล
Operational & Service Excellence by CAAS.xlsx,Service_Excellence_by_CAAS,1178,2566,ไม่ระบุ,บริการวิชาการแบบมีรายได้,ไม่ระบุ,ข้อความภาษาจีน,0.0,0.0,0.0,0.0,630.0,0.0,0.0,0.0,ศูนย์การแปล
Operational & Service Excellence by CAAS.xlsx,Service_Excellence_by_CAAS,1179,2566,ไม่ระบุ,บริการวิชาการแบบมีรายได้,ไม่ระบุ,ข้อความภาษาอังกฤษ,0.0,0.0,0.0,0.0,630.0,0.0,0.0,0.0,ศูนย์การแปล
Operational & Service Excellence by CAAS.xlsx,Service_Excellence_by_CAAS,1180,2566,ไม่ระบุ,บริการวิชาการแบบมีรายได้,ไม่ระบุ,ประกาศสำนักงานคณะกรรมการอาหารและยา (เพิ่มเติม),0.0,0.0,0.0,0.0,630.0,0.0,0.0,0.0,ศูนย์การแปล
Operational & Service Excellence by CAAS.xlsx,Service_Excellence_by_CAAS,1181,2566,ไม่ระบุ,บริการวิชาการแบบมีรายได้,ไม่ระบุ,ฉลากผลิตภัณฑ์เกาหลี จำนวน 5 รายการ,0.0,0.0,0.0,0.0,4950.0,0.0,0.0,0.0,ศูนย์การแปล
Operational & Service Excellence by CAAS.xlsx,Service_Excellence_by_CAAS,1182,2566,ไม่ระบุ,บริการวิชาการแบบมีรายได้,ไม่ระบุ,ประกาศสำนักงานคณะกรรมการอาหารและยา,0.0,0.0,0.0,0.0,2230.0,0.0,0.0,0.0,ศูนย์การแปล
Operational & Service Excellence by CAAS.xlsx,Service_Excellence_by_CAAS,1183,2566,ไม่ระบุ,บริการวิชาการแบบมีรายได้,ไม่ระบุ,Packaging Product (Urea Repair Lotion),0.0,0.0,0.0,0.0,2720.0,0.0,0.0,0.0,ศูนย์การแปล
Operational & Service Excellence by CAAS.xlsx,Service_Excellence_by_CAAS,1184,2566,ไม่ระบุ,บริการวิชาการแบบมีรายได้,ไม่ระบุ,ข้อความภาษาเกาหลี: Sun PromoBox,0.0,0.0,0.0,0.0,630.0,0.0,0.0,0.0,ศูนย์การแปล
Operational & Service Excellence by CAAS.xlsx,Service_Excellence_by_CAAS,1185,2566,ไม่ระบุ,บริการวิชาการแบบมีรายได้,ไม่ระบุ,หนังสือรับรองการจดทะเบียนบริษัท,0.0,0.0,0.0,0.0,1180.0,0.0,0.0,0.0,ศูนย์การแปล
Operational & Service Excellence by CAAS.xlsx,Service_Excellence_by_CAAS,1186,2566,ไม่ระบุ,บริการวิชาการแบบมีรายได้,ไม่ระบุ,ฉลากสินค้า Otafuku 10 รายการ,0.0,0.0,0.0,0.0,19260.0,0.0,0.0,0.0,ศูนย์การแปล
Operational & Service Excellence by CAAS.xlsx,Service_Excellence_by_CAAS,1187,2566,ไม่ระบุ,บริการวิชาการแบบมีรายได้,ไม่ระบุ,ฉลากผลิตภัณฑ์ Kurashi Rhythm จำนวน 2 รายการ,0.0,0.0,0.0,0.0,2370.0,0.0,0.0,0.0,ศูนย์การแปล
Operational & Service Excellence by CAAS.xlsx,Service_Excellence_by_CAAS,1188,2566,ไม่ระบุ,บริการวิชาการแบบมีรายได้,ไม่ระบุ,DAIICHISEIKA_Article 55.1,0.0,0.0,0.0,0.0,1290.0,0.0,0.0,0.0,ศูนย์การแปล
Operational & Service Excellence by CAAS.xlsx,Service_Excellence_by_CAAS,1189,2566,ไม่ระบุ,บริการวิชาการแบบมีรายได้,ไม่ระบุ,ฉลากผลิตภัณฑ์ Hue_Calm Waterful Calming cream,0.0,0.0,0.0,0.0,960.0,0.0,0.0,0.0,ศูนย์การแปล
Operational & Service Excellence by CAAS.xlsx,Service_Excellence_by_CAAS,1190,2566,ไม่ระบุ,บริการวิชาการแบบมีรายได้,ไม่ระบุ,ฉลากผลิตภัณฑ์ DAYBE Sun Mist,0.0,0.0,0.0,0.0,860.0,0.0,0.0,0.0,ศูนย์การแปล
Operational & Service Excellence by CAAS.xlsx,Service_Excellence_by_CAAS,1191,2566,ไม่ระบุ,บริการวิชาการแบบมีรายได้,ไม่ระบุ,ใบรับรองสภาพการเป็นนักเรียน,0.0,0.0,0.0,0.0,640.0,0.0,0.0,0.0,ศูนย์การแปล
Operational & Service Excellence by CAAS.xlsx,Service_Excellence_by_CAAS,1192,2566,ไม่ระบุ,บริการวิชาการแบบมีรายได้,ไม่ระบุ,Catch Cert Sardine Fishing 06-07 Jan 2023,0.0,0.0,0.0,0.0,2940.0,0.0,0.0,0.0,ศูนย์การแปล
Operational & Service Excellence by CAAS.xlsx,Service_Excellence_by_CAAS,1193,2566,ไม่ระบุ,บริการวิชาการแบบมีรายได้,ไม่ระบุ,ฉลากผลิตภัณฑ์ Mongmulmori,0.0,0.0,0.0,0.0,2940.0,0.0,0.0,0.0,ศูนย์การแปล
Operational & Service Excellence by CAAS.xlsx,Service_Excellence_by_CAAS,1194,2566,ไม่ระบุ,บริการวิชาการแบบมีรายได้,ไม่ระบุ,การดําเนินงานด้าน ESG,0.0,0.0,0.0,0.0,8880.0,0.0,0.0,0.0,ศูนย์การแปล
Operational & Service Excellence by CAAS.xlsx,Service_Excellence_by_CAAS,1195,2566,ไม่ระบุ,บริการวิชาการแบบมีรายได้,ไม่ระบุ,Certificate,0.0,0.0,0.0,0.0,1290.0,0.0,0.0,0.0,ศูนย์การแปล
Operational & Service Excellence by CAAS.xlsx,Service_Excellence_by_CAAS,1196,2566,ไม่ระบุ,บริการวิชาการแบบมีรายได้,ไม่ระบุ,Certificate,0.0,0.0,0.0,0.0,1290.0,0.0,0.0,0.0,ศูนย์การแปล
Operational & Service Excellence by CAAS.xlsx,Service_Excellence_by_CAAS,1197,2566,ไม่ระบุ,บริการวิชาการแบบมีรายได้,ไม่ระบุ,"ประกาศมหาวิทยาลัยมหิดล เรื่อง กำหนดการกิจกรรมนักศึกษาใหม่ มหาวิทยาลัยมหิดล หลักสูตรปกติ (ไทย) 
ระดับปริญญาตรี ปีการศึกษา 2566",0.0,0.0,0.0,0.0,8800.0,0.0,0.0,0.0,ศูนย์การแปล
Operational & Service Excellence by CAAS.xlsx,Service_Excellence_by_CAAS,1198,2566,ไม่ระบุ,บริการวิชาการแบบมีรายได้,ไม่ระบุ,ประกาศมหาวิทยาลัยมหิดล จำนวน 2 ฉบับ,0.0,0.0,0.0,0.0,7260.0,0.0,0.0,0.0,ศูนย์การแปล
Operational & Service Excellence by CAAS.xlsx,Service_Excellence_by_CAAS,1199,2566,ไม่ระบุ,บริการวิชาการแบบมีรายได้,ไม่ระบุ,Transcript,0.0,0.0,0.0,0.0,1400.0,0.0,0.0,0.0,ศูนย์การแปล
Operational & Service Excellence by CAAS.xlsx,Service_Excellence_by_CAAS,1200,2566,ไม่ระบุ,บริการวิชาการแบบมีรายได้,ไม่ระบุ,ฉลากสินค้าภาษาเกาหลี Lacto Fit Gold,0.0,0.0,0.0,0.0,1070.0,0.0,0.0,0.0,ศูนย์การแปล
Operational & Service Excellence by CAAS.xlsx,Service_Excellence_by_CAAS,1201,2566,ไม่ระบุ,บริการวิชาการแบบมีรายได้,ไม่ระบุ,แบบรายงานข้อมูลหลักสูตร (MU Degree Profile) หลักสูตรนานาชาติ จำนวน 34 หลักสูตร,0.0,0.0,0.0,0.0,55000.0,0.0,0.0,0.0,ศูนย์การแปล
Operational & Service Excellence by CAAS.xlsx,Service_Excellence_by_CAAS,1202,2566,ไม่ระบุ,บริการวิชาการแบบมีรายได้,ไม่ระบุ,แบบประเมินจำนวน 2 ฉบับ,0.0,0.0,0.0,0.0,3300.0,0.0,0.0,0.0,ศูนย์การแปล
Operational & Service Excellence by CAAS.xlsx,Service_Excellence_by_CAAS,1203,2566,ไม่ระบุ,บริการวิชาการแบบมีรายได้,ไม่ระบุ,ใบรับรองโรงงาน takano,0.0,0.0,0.0,0.0,1400.0,0.0,0.0,0.0,ศูนย์การแปล
Operational & Service Excellence by CAAS.xlsx,Service_Excellence_by_CAAS,1204,2566,ไม่ระบุ,บริการวิชาการแบบมีรายได้,ไม่ระบุ,หน้ากากอนามัย และผลิตภัณฑ์ VANTELIN,0.0,0.0,0.0,0.0,2040.0,0.0,0.0,0.0,ศูนย์การแปล
Operational & Service Excellence by CAAS.xlsx,Service_Excellence_by_CAAS,1205,2566,ไม่ระบุ,บริการวิชาการแบบมีรายได้,ไม่ระบุ,สินค้า Cat Repellent Granules,0.0,0.0,0.0,0.0,1510.0,0.0,0.0,0.0,ศูนย์การแปล
Operational & Service Excellence by CAAS.xlsx,Service_Excellence_by_CAAS,1206,2566,ไม่ระบุ,บริการวิชาการแบบมีรายได้,ไม่ระบุ,ใบรับรองโรงงาน Marutai,0.0,0.0,0.0,0.0,1290.0,0.0,0.0,0.0,ศูนย์การแปล
Operational & Service Excellence by CAAS.xlsx,Service_Excellence_by_CAAS,1207,2566,ไม่ระบุ,บริการวิชาการแบบมีรายได้,ไม่ระบุ,ใบฐานะครอบครัว,0.0,0.0,0.0,0.0,1400.0,0.0,0.0,0.0,ศูนย์การแปล
Operational & Service Excellence by CAAS.xlsx,Service_Excellence_by_CAAS,1208,2566,ไม่ระบุ,บริการวิชาการแบบมีรายได้,ไม่ระบุ,ฉลากสินค้า Daiso Dust Mite Trap Sheet และ Foot sap sheet Germanium,0.0,0.0,0.0,0.0,2920.0,0.0,0.0,0.0,ศูนย์การแปล
Operational & Service Excellence by CAAS.xlsx,Service_Excellence_by_CAAS,1209,2566,ไม่ระบุ,บริการวิชาการแบบมีรายได้,ไม่ระบุ,SEIKA FOOD Article 55,0.0,0.0,0.0,0.0,1290.0,0.0,0.0,0.0,ศูนย์การแปล
Operational & Service Excellence by CAAS.xlsx,Service_Excellence_by_CAAS,1210,2566,ไม่ระบุ,บริการวิชาการแบบมีรายได้,ไม่ระบุ,สคริปต์วีดีทัศน์ประชาสัมพันธ์,0.0,0.0,0.0,0.0,4590.0,0.0,0.0,0.0,ศูนย์การแปล
Operational & Service Excellence by CAAS.xlsx,Service_Excellence_by_CAAS,1211,2566,ไม่ระบุ,บริการวิชาการแบบมีรายได้,ไม่ระบุ,ฉลากสินค้า Sumi-Kaze และ Pet Wet Wipes จำนวนรวม 4 รายการ,0.0,0.0,0.0,0.0,4530.0,0.0,0.0,0.0,ศูนย์การแปล
Operational & Service Excellence by CAAS.xlsx,Service_Excellence_by_CAAS,1212,2566,ไม่ระบุ,บริการวิชาการแบบมีรายได้,ไม่ระบุ,ใบอนุญาต และฉลากสินค้า DAISO REPELLENT -WOOD VINEGAR,0.0,0.0,0.0,0.0,2040.0,0.0,0.0,0.0,ศูนย์การแปล
Operational & Service Excellence by CAAS.xlsx,Service_Excellence_by_CAAS,1213,2566,ไม่ระบุ,บริการวิชาการแบบมีรายได้,ไม่ระบุ,ฉลากผลิตภัณฑ์ทำความสะอาดสำหรับเด็ก จำนวน 2 รายการ,0.0,0.0,0.0,0.0,1930.0,0.0,0.0,0.0,ศูนย์การแปล
Operational & Service Excellence by CAAS.xlsx,Service_Excellence_by_CAAS,1214,2566,ไม่ระบุ,บริการวิชาการแบบมีรายได้,ไม่ระบุ,ประกาศมหาวิทยาลัยมหิดล จำนวน 1 ฉบับ,0.0,0.0,0.0,0.0,8800.0,0.0,0.0,0.0,ศูนย์การแปล
Operational & Service Excellence by CAAS.xlsx,Service_Excellence_by_CAAS,1215,2566,ไม่ระบุ,บริการวิชาการแบบมีรายได้,ไม่ระบุ,ร่างนโยบาย,0.0,0.0,0.0,0.0,17460.0,0.0,0.0,0.0,ศูนย์การแปล
Operational & Service Excellence by CAAS.xlsx,Service_Excellence_by_CAAS,1216,2566,ไม่ระบุ,บริการวิชาการแบบมีรายได้,ไม่ระบุ,KOBAYASHI SEIKA_Article 55.1,0.0,0.0,0.0,0.0,1400.0,0.0,0.0,0.0,ศูนย์การแปล
Operational & Service Excellence by CAAS.xlsx,Service_Excellence_by_CAAS,1217,2566,ไม่ระบุ,บริการวิชาการแบบมีรายได้,ไม่ระบุ,NISHIMURA EISEI BORO_ZENNOU,0.0,0.0,0.0,0.0,2700.0,0.0,0.0,0.0,ศูนย์การแปล
Operational & Service Excellence by CAAS.xlsx,Service_Excellence_by_CAAS,1218,2566,ไม่ระบุ,บริการวิชาการแบบมีรายได้,ไม่ระบุ,เอกสารรับรอง,0.0,0.0,0.0,0.0,1290.0,0.0,0.0,0.0,ศูนย์การแปล
Operational & Service Excellence by CAAS.xlsx,Service_Excellence_by_CAAS,1219,2566,ไม่ระบุ,บริการวิชาการแบบมีรายได้,ไม่ระบุ,เอกสารรับรองการศึกษา,0.0,0.0,0.0,0.0,1620.0,0.0,0.0,0.0,ศูนย์การแปล
Operational & Service Excellence by CAAS.xlsx,Service_Excellence_by_CAAS,1220,2566,ไม่ระบุ,บริการวิชาการแบบมีรายได้,ไม่ระบุ,Transcript,0.0,0.0,0.0,0.0,1400.0,0.0,0.0,0.0,ศูนย์การแปล
Operational & Service Excellence by CAAS.xlsx,Service_Excellence_by_CAAS,1221,2566,ไม่ระบุ,บริการวิชาการแบบมีรายได้,ไม่ระบุ,ผลิตภัณฑ์ VANTELIN,0.0,0.0,0.0,0.0,1400.0,0.0,0.0,0.0,ศูนย์การแปล
Operational & Service Excellence by CAAS.xlsx,Service_Excellence_by_CAAS,1222,2566,ไม่ระบุ,บริการวิชาการแบบมีรายได้,ไม่ระบุ,ฉลากสินค้า Wafu (Japanese) Dashi (Katsuo flavor powder) (JFDA Basic Brand),0.0,0.0,0.0,0.0,4040.0,0.0,0.0,0.0,ศูนย์การแปล
Operational & Service Excellence by CAAS.xlsx,Service_Excellence_by_CAAS,1223,2566,ไม่ระบุ,บริการวิชาการแบบมีรายได้,ไม่ระบุ,ฉลากผลิตภัณฑ์เกาหลี Miracle hands  จำนวน  5 รายการ,0.0,0.0,0.0,0.0,4400.0,0.0,0.0,0.0,ศูนย์การแปล
Operational & Service Excellence by CAAS.xlsx,Service_Excellence_by_CAAS,1224,2566,ไม่ระบุ,บริการวิชาการแบบมีรายได้,ไม่ระบุ,เอกสารรับรอง จำนวน 2 ฉบับ,0.0,0.0,0.0,0.0,2480.0,0.0,0.0,0.0,ศูนย์การแปล
Operational & Service Excellence by CAAS.xlsx,Service_Excellence_by_CAAS,1225,2566,ไม่ระบุ,บริการวิชาการแบบมีรายได้,ไม่ระบุ,กฎกระทรวง,0.0,0.0,0.0,0.0,3620.0,0.0,0.0,0.0,ศูนย์การแปล
Operational & Service Excellence by CAAS.xlsx,Service_Excellence_by_CAAS,1226,2566,ไม่ระบุ,บริการวิชาการแบบมีรายได้,ไม่ระบุ,แบบสอบถาม,0.0,0.0,0.0,0.0,1180.0,0.0,0.0,0.0,ศูนย์การแปล
Operational & Service Excellence by CAAS.xlsx,Service_Excellence_by_CAAS,1227,2566,ไม่ระบุ,บริการวิชาการแบบมีรายได้,ไม่ระบุ,ฉลากสินค้า Soft ice pillow,0.0,0.0,0.0,0.0,1620.0,0.0,0.0,0.0,ศูนย์การแปล
Operational & Service Excellence by CAAS.xlsx,Service_Excellence_by_CAAS,1228,2566,ไม่ระบุ,บริการวิชาการแบบมีรายได้,ไม่ระบุ,เครื่องหมายการค้า,0.0,0.0,0.0,0.0,630.0,0.0,0.0,0.0,ศูนย์การแปล
Operational & Service Excellence by CAAS.xlsx,Service_Excellence_by_CAAS,1229,2566,ไม่ระบุ,บริการวิชาการแบบมีรายได้,ไม่ระบุ,สิทธิบัตร,0.0,0.0,0.0,0.0,1820.0,0.0,0.0,0.0,ศูนย์การแปล
Operational & Service Excellence by CAAS.xlsx,Service_Excellence_by_CAAS,1230,2566,ไม่ระบุ,บริการวิชาการแบบมีรายได้,ไม่ระบุ,เอกสารแจ้งรายละเอียดเครื่องมือแพทย์,0.0,0.0,0.0,0.0,3500.0,0.0,0.0,0.0,ศูนย์การแปล
Operational & Service Excellence by CAAS.xlsx,Service_Excellence_by_CAAS,1231,2566,ไม่ระบุ,บริการวิชาการแบบมีรายได้,ไม่ระบุ,เอกสารภาษาจีน,0.0,0.0,0.0,0.0,1180.0,0.0,0.0,0.0,ศูนย์การแปล
Operational & Service Excellence by CAAS.xlsx,Service_Excellence_by_CAAS,1232,2566,ไม่ระบุ,บริการวิชาการแบบมีรายได้,ไม่ระบุ,หนังสือแสดงเจตนายินยอมและเอกสารขอประวัติการรักษาเพื่อใช้สำหรับการบริการผู้ป่วย (แบบฟอร์ม จำนวน 37 ฉบับ),0.0,0.0,0.0,0.0,33905.0,0.0,0.0,0.0,ศูนย์การแปล
Operational & Service Excellence by CAAS.xlsx,Service_Excellence_by_CAAS,1233,2566,ไม่ระบุ,บริการวิชาการแบบมีรายได้,ไม่ระบุ,เอกสารสำหรับพัฒนาเว็บไซต์ เรื่อง นโยบาย จำนวน 24 ไฟล์ และการให้บริการ จำนวน 13 ไฟล์,0.0,0.0,0.0,0.0,148720.0,0.0,0.0,0.0,ศูนย์การแปล
Operational & Service Excellence by CAAS.xlsx,Service_Excellence_by_CAAS,1234,2566,ไม่ระบุ,บริการวิชาการแบบมีรายได้,ไม่ระบุ,Osakaya-seika HACCP_ishimentei Artticle52,0.0,0.0,0.0,0.0,2590.0,0.0,0.0,0.0,ศูนย์การแปล
Operational & Service Excellence by CAAS.xlsx,Service_Excellence_by_CAAS,1235,2566,ไม่ระบุ,บริการวิชาการแบบมีรายได้,ไม่ระบุ,แปรงสีฟันไฟฟ้า,0.0,0.0,0.0,0.0,18100.0,0.0,0.0,0.0,ศูนย์การแปล
Operational & Service Excellence by CAAS.xlsx,Service_Excellence_by_CAAS,1236,2566,ไม่ระบุ,บริการวิชาการแบบมีรายได้,ไม่ระบุ,ฉลากสินค้า iPOSH,0.0,0.0,0.0,0.0,1400.0,0.0,0.0,0.0,ศูนย์การแปล
Operational & Service Excellence by CAAS.xlsx,Service_Excellence_by_CAAS,1237,2566,ไม่ระบุ,บริการวิชาการแบบมีรายได้,ไม่ระบุ,สินค้า vegetable room deodorizer,0.0,0.0,0.0,0.0,1510.0,0.0,0.0,0.0,ศูนย์การแปล
Operational & Service Excellence by CAAS.xlsx,Service_Excellence_by_CAAS,1238,2566,ไม่ระบุ,บริการวิชาการแบบมีรายได้,ไม่ระบุ,หนังสือแสดงการเปลี่ยนชื่อตัว,0.0,0.0,0.0,0.0,750.0,0.0,0.0,0.0,ศูนย์การแปล
Operational & Service Excellence by CAAS.xlsx,Service_Excellence_by_CAAS,1239,2566,ไม่ระบุ,บริการวิชาการแบบมีรายได้,ไม่ระบุ,กล่องผลิตภัณฑ์ DR.BIO ECO SOOTHING CREAM,0.0,0.0,0.0,0.0,1070.0,0.0,0.0,0.0,ศูนย์การแปล
Operational & Service Excellence by CAAS.xlsx,Service_Excellence_by_CAAS,1240,2566,ไม่ระบุ,บริการวิชาการแบบมีรายได้,ไม่ระบุ,SOKAN_FSSC22000,0.0,0.0,0.0,0.0,1400.0,0.0,0.0,0.0,ศูนย์การแปล
Operational & Service Excellence by CAAS.xlsx,Service_Excellence_by_CAAS,1241,2566,ไม่ระบุ,บริการวิชาการแบบมีรายได้,ไม่ระบุ,แบบสอบถาม Female Sexual Function Index,0.0,0.0,0.0,0.0,2640.0,0.0,0.0,0.0,ศูนย์การแปล
Operational & Service Excellence by CAAS.xlsx,Service_Excellence_by_CAAS,1242,2566,ไม่ระบุ,บริการวิชาการแบบมีรายได้,ไม่ระบุ,Dr.Bio Air Cool Sun cream จํานวน 2 รายการ,0.0,0.0,0.0,0.0,2040.0,0.0,0.0,0.0,ศูนย์การแปล
Operational & Service Excellence by CAAS.xlsx,Service_Excellence_by_CAAS,1243,2566,ไม่ระบุ,บริการวิชาการแบบมีรายได้,ไม่ระบุ,รายงานผู้สอบบัญชี,0.0,0.0,0.0,0.0,2500.0,0.0,0.0,0.0,ศูนย์การแปล
Operational & Service Excellence by CAAS.xlsx,Service_Excellence_by_CAAS,1244,2566,ไม่ระบุ,บริการวิชาการแบบมีรายได้,ไม่ระบุ,เอกสารประชาสัมพันธ์หลักสูตร,0.0,0.0,0.0,0.0,43120.0,0.0,0.0,0.0,ศูนย์การแปล
Operational & Service Excellence by CAAS.xlsx,Service_Excellence_by_CAAS,1245,2566,ไม่ระบุ,บริการวิชาการแบบมีรายได้,ไม่ระบุ,ชื่อโลโก้สินค้าภาษาจีน,0.0,0.0,0.0,0.0,630.0,0.0,0.0,0.0,ศูนย์การแปล
Operational & Service Excellence by CAAS.xlsx,Service_Excellence_by_CAAS,1246,2566,ไม่ระบุ,บริการวิชาการแบบมีรายได้,ไม่ระบุ,ฉลากผลิตภัณฑ์เกาหลี QUEENDOES จำนวน 2 รายการ,0.0,0.0,0.0,0.0,1380.0,0.0,0.0,0.0,ศูนย์การแปล
Operational & Service Excellence by CAAS.xlsx,Service_Excellence_by_CAAS,1247,2566,ไม่ระบุ,บริการวิชาการแบบมีรายได้,ไม่ระบุ,ฉลากสินค้า hand grip จำนวน 4 รายการ,0.0,0.0,0.0,0.0,6180.0,0.0,0.0,0.0,ศูนย์การแปล
Operational & Service Excellence by CAAS.xlsx,Service_Excellence_by_CAAS,1248,2566,ไม่ระบุ,บริการวิชาการแบบมีรายได้,ไม่ระบุ,คำแปลคำอ่านชื่อโลโก้สินค้า,0.0,0.0,0.0,0.0,640.0,0.0,0.0,0.0,ศูนย์การแปล
Operational & Service Excellence by CAAS.xlsx,Service_Excellence_by_CAAS,1249,2566,ไม่ระบุ,บริการวิชาการแบบมีรายได้,ไม่ระบุ,คำแปลคำอ่านชื่อโลโก้สินค้า ต้าฟง,0.0,0.0,0.0,0.0,530.0,0.0,0.0,0.0,ศูนย์การแปล
Operational & Service Excellence by CAAS.xlsx,Service_Excellence_by_CAAS,1250,2566,ไม่ระบุ,บริการวิชาการแบบมีรายได้,ไม่ระบุ,สัญญา จำนวน 2 ฉบับ,0.0,0.0,0.0,0.0,5450.0,0.0,0.0,0.0,ศูนย์การแปล
Operational & Service Excellence by CAAS.xlsx,Service_Excellence_by_CAAS,1251,2566,ไม่ระบุ,บริการวิชาการแบบมีรายได้,ไม่ระบุ,ประกาศสำนักงานคณะกรรมการอาหารและยา,0.0,0.0,0.0,0.0,2610.0,0.0,0.0,0.0,ศูนย์การแปล
Operational & Service Excellence by CAAS.xlsx,Service_Excellence_by_CAAS,1252,2566,ไม่ระบุ,บริการวิชาการแบบมีรายได้,ไม่ระบุ,Greater Pharma (Allervac),0.0,0.0,0.0,0.0,9870.0,0.0,0.0,0.0,ศูนย์การแปล
Operational & Service Excellence by CAAS.xlsx,Service_Excellence_by_CAAS,1253,2566,ไม่ระบุ,บริการวิชาการแบบมีรายได้,ไม่ระบุ,รายงานผู้สอบบัญชี (เพิ่มเติม),0.0,0.0,0.0,0.0,640.0,0.0,0.0,0.0,ศูนย์การแปล
Operational & Service Excellence by CAAS.xlsx,Service_Excellence_by_CAAS,1254,2566,ไม่ระบุ,บริการวิชาการแบบมีรายได้,ไม่ระบุ,ใบรับรองโรงงาน Takizawa shokuhin,0.0,0.0,0.0,0.0,1400.0,0.0,0.0,0.0,ศูนย์การแปล
Operational & Service Excellence by CAAS.xlsx,Service_Excellence_by_CAAS,1255,2566,ไม่ระบุ,บริการวิชาการแบบมีรายได้,ไม่ระบุ,เอกสารโซจู 4 รายการ,0.0,0.0,0.0,0.0,5850.0,0.0,0.0,0.0,ศูนย์การแปล
Operational & Service Excellence by CAAS.xlsx,Service_Excellence_by_CAAS,1256,2566,ไม่ระบุ,บริการวิชาการแบบมีรายได้,ไม่ระบุ,สูติบัตร,0.0,0.0,0.0,0.0,850.0,0.0,0.0,0.0,ศูนย์การแปล
Operational & Service Excellence by CAAS.xlsx,Service_Excellence_by_CAAS,1257,2566,ไม่ระบุ,บริการวิชาการแบบมีรายได้,ไม่ระบุ,ฉลากยา 8 ตำรับ,0.0,0.0,0.0,0.0,5220.0,0.0,0.0,0.0,ศูนย์การแปล
Operational & Service Excellence by CAAS.xlsx,Service_Excellence_by_CAAS,1258,2566,ไม่ระบุ,บริการวิชาการแบบมีรายได้,ไม่ระบุ,ประกาศสำนักงานคณะกรรมการอาหารและยา,0.0,0.0,0.0,0.0,2610.0,0.0,0.0,0.0,ศูนย์การแปล
Operational & Service Excellence by CAAS.xlsx,Service_Excellence_by_CAAS,1259,2566,ไม่ระบุ,บริการวิชาการแบบมีรายได้,ไม่ระบุ,Test Report,0.0,0.0,0.0,0.0,9100.0,0.0,0.0,0.0,ศูนย์การแปล
Operational & Service Excellence by CAAS.xlsx,Service_Excellence_by_CAAS,1260,2566,ไม่ระบุ,บริการวิชาการแบบมีรายได้,ไม่ระบุ,ฉลากสินค้า hand exercise gripper,0.0,0.0,0.0,0.0,1400.0,0.0,0.0,0.0,ศูนย์การแปล
Operational & Service Excellence by CAAS.xlsx,Service_Excellence_by_CAAS,1261,2566,ไม่ระบุ,บริการวิชาการแบบมีรายได้,ไม่ระบุ,เอกสารภาษาสเปน,0.0,0.0,0.0,0.0,5250.0,0.0,0.0,0.0,ศูนย์การแปล
Operational & Service Excellence by CAAS.xlsx,Service_Excellence_by_CAAS,1262,2566,ไม่ระบุ,บริการวิชาการแบบมีรายได้,ไม่ระบุ,ประกาศสำนักงานคณะกรรมการอาหารและยา,0.0,0.0,0.0,0.0,2280.0,0.0,0.0,0.0,ศูนย์การแปล
Operational & Service Excellence by CAAS.xlsx,Service_Excellence_by_CAAS,1263,2566,ไม่ระบุ,บริการวิชาการแบบมีรายได้,ไม่ระบุ,Back translation,0.0,0.0,0.0,0.0,2060.0,0.0,0.0,0.0,ศูนย์การแปล
Operational & Service Excellence by CAAS.xlsx,Service_Excellence_by_CAAS,1264,2566,ไม่ระบุ,บริการวิชาการแบบมีรายได้,ไม่ระบุ,Kimura & Key Corporation,0.0,0.0,0.0,0.0,3140.0,0.0,0.0,0.0,ศูนย์การแปล
Operational & Service Excellence by CAAS.xlsx,Service_Excellence_by_CAAS,1265,2566,ไม่ระบุ,บริการวิชาการแบบมีรายได้,ไม่ระบุ,ฉลากผลิตภัณฑ์เกาหลี Fair Breath จำนวน 2 รายการ,0.0,0.0,0.0,0.0,2040.0,0.0,0.0,0.0,ศูนย์การแปล
Operational & Service Excellence by CAAS.xlsx,Service_Excellence_by_CAAS,1266,2566,ไม่ระบุ,บริการวิชาการแบบมีรายได้,ไม่ระบุ,เอกสาร แบบ สด.43 ปริญญาบัตร และเอกสารการเงิน,0.0,0.0,0.0,0.0,3100.0,0.0,0.0,0.0,ศูนย์การแปล
Operational & Service Excellence by CAAS.xlsx,Service_Excellence_by_CAAS,1267,2566,ไม่ระบุ,บริการวิชาการแบบมีรายได้,ไม่ระบุ,หนังสือแสดงการเปลี่ยนชื่อตัวและนามสกุล,0.0,0.0,0.0,0.0,1270.0,0.0,0.0,0.0,ศูนย์การแปล
Operational & Service Excellence by CAAS.xlsx,Service_Excellence_by_CAAS,1268,2566,ไม่ระบุ,บริการวิชาการแบบมีรายได้,ไม่ระบุ,ฉลากโซจู 4 รายการ,0.0,0.0,0.0,0.0,2550.0,0.0,0.0,0.0,ศูนย์การแปล
Operational & Service Excellence by CAAS.xlsx,Service_Excellence_by_CAAS,1269,2566,ไม่ระบุ,บริการวิชาการแบบมีรายได้,ไม่ระบุ,ฉลากผลิตภัณฑ์เกาหลี V.O.T. KINETIC RENEWAL SOLUTION จำนวน 2 รายการ,0.0,0.0,0.0,0.0,3360.0,0.0,0.0,0.0,ศูนย์การแปล
Operational & Service Excellence by CAAS.xlsx,Service_Excellence_by_CAAS,1270,2566,ไม่ระบุ,บริการวิชาการแบบมีรายได้,ไม่ระบุ,ฉลากผลิตภัณฑ์ญี่ปุ่น Su Awamonogatari,0.0,0.0,0.0,0.0,2390.0,0.0,0.0,0.0,ศูนย์การแปล
Operational & Service Excellence by CAAS.xlsx,Service_Excellence_by_CAAS,1271,2566,ไม่ระบุ,บริการวิชาการแบบมีรายได้,ไม่ระบุ,NISHIMURA EISEI BORO _Article 55.1,0.0,0.0,0.0,0.0,1290.0,0.0,0.0,0.0,ศูนย์การแปล
Operational & Service Excellence by CAAS.xlsx,Service_Excellence_by_CAAS,1272,2566,ไม่ระบุ,บริการวิชาการแบบมีรายได้,ไม่ระบุ,บันทึกความเข้าใจ,0.0,0.0,0.0,0.0,2940.0,0.0,0.0,0.0,ศูนย์การแปล
Operational & Service Excellence by CAAS.xlsx,Service_Excellence_by_CAAS,1273,2566,ไม่ระบุ,บริการวิชาการแบบมีรายได้,ไม่ระบุ,Eucerin pH5 Wash Lotion 400ml (Refill),0.0,0.0,0.0,0.0,1180.0,0.0,0.0,0.0,ศูนย์การแปล
Operational & Service Excellence by CAAS.xlsx,Service_Excellence_by_CAAS,1274,2566,ไม่ระบุ,บริการวิชาการแบบมีรายได้,ไม่ระบุ,เกียรติบัตร,0.0,0.0,0.0,0.0,530.0,0.0,0.0,0.0,ศูนย์การแปล
Operational & Service Excellence by CAAS.xlsx,Service_Excellence_by_CAAS,1275,2566,ไม่ระบุ,บริการวิชาการแบบมีรายได้,ไม่ระบุ,ฉลาก Strawberry Marshmallows,0.0,0.0,0.0,0.0,1510.0,0.0,0.0,0.0,ศูนย์การแปล
Operational & Service Excellence by CAAS.xlsx,Service_Excellence_by_CAAS,1276,2566,ไม่ระบุ,บริการวิชาการแบบมีรายได้,ไม่ระบุ,เอกสารกำกับเครื่องมือแพทย์ จำนวน 2 รายการ,0.0,0.0,0.0,0.0,12600.0,0.0,0.0,0.0,ศูนย์การแปล
Operational & Service Excellence by CAAS.xlsx,Service_Excellence_by_CAAS,1277,2566,ไม่ระบุ,บริการวิชาการแบบมีรายได้,ไม่ระบุ,ยาหม่องสมุนไพรไทย,0.0,0.0,0.0,0.0,630.0,0.0,0.0,0.0,ศูนย์การแปล
A ทะเบียนคุมงบประมาณ 2567.xlsx,ทะเบียนคุมงบ In-House,3,2567,ไม่ระบุ,In-House,ทะเบียนคุมงบ In-House,หลักสูตรอบรมภาษาอังกฤษเพื่อการสอบ MU-ELT for Health Care Professionals ครั้งที่ 2/2566,109.0,0.0,109.0,0.0,76300.0,28241.0,48059.0,0.0,ไม่ระบุ
A ทะเบียนคุมงบประมาณ 2567.xlsx,ทะเบียนคุมงบ In-House,4,2567,ไม่ระบุ,In-House,ทะเบียนคุมงบ In-House,"Intensive English Course สำหรับนักศึกษาวิทยาลัยการจัดการ 
มหาวิทยาลัยมหิดล ครั้งที่ 1/2567",50.0,0.0,46.0,0.0,75000.0,53000.0,22000.0,4.25,ไม่ระบุ
A ทะเบียนคุมงบประมาณ 2567.xlsx,ทะเบียนคุมงบ In-House,5,2567,ไม่ระบุ,In-House,ทะเบียนคุมงบ In-House,Pre-course Intensive English Course สำหรับนักศึกษาวิทยาลัยการจัดการ มหาวิทยาลัยมหิดล ครั้งที่ 1/2567,150.0,0.0,108.0,0.0,375000.0,223375.0,151625.0,4.28,ไม่ระบุ
A ทะเบียนคุมงบประมาณ 2567.xlsx,ทะเบียนคุมงบ In-House,6,2567,ไม่ระบุ,In-House,ทะเบียนคุมงบ In-House,Intensive Thai for communication: Hunkuk university,20.0,0.0,20.0,0.0,119371.96,72027.82,47344.14,4.56,ไม่ระบุ
A ทะเบียนคุมงบประมาณ 2567.xlsx,ทะเบียนคุมงบ In-House,7,2567,ไม่ระบุ,In-House,ทะเบียนคุมงบ In-House,หลักสูตรเทคนิคการเขียนหนังสือราชการสำหรับบุคลากรโรงพยาบาลศิริราชปิยมหาราชการุณย์,30.0,0.0,28.0,0.0,30000.0,20438.0,9562.0,4.5,ไม่ระบุ
A ทะเบียนคุมงบประมาณ 2567.xlsx,ทะเบียนคุมงบ In-House,8,2567,ไม่ระบุ,In-House,ทะเบียนคุมงบ In-House,Intensive English Course สำหรับนักศึกษาวิทยาลัยการจัดการ  มหาวิทยาลัยมหิดล ครั้งที่ 2/2567,50.0,0.0,39.0,0.0,75000.0,54000.0,21000.0,4.78,ไม่ระบุ
A ทะเบียนคุมงบประมาณ 2567.xlsx,ทะเบียนคุมงบ In-House,9,2567,ไม่ระบุ,In-House,ทะเบียนคุมงบ In-House,หลักสูตร Pre-course Intensive English Course สำหรับนักศึกษาวิทยาลัยการจัดการ มหาวิทยาลัยมหิดล ครั้งที่ 2/2567,82.0,0.0,81.0,0.0,150000.0,87250.0,62750.0,4.59,ไม่ระบุ
A ทะเบียนคุมงบประมาณ 2567.xlsx,ทะเบียนคุมงบ In-House,10,2567,ไม่ระบุ,In-House,ทะเบียนคุมงบ In-House,หลักสูตรอบรมเชิงปฏิบัติการพัฒนาทักษะภาษาอังกฤษเพื่อการสื่อสาร (English for Communication for Medical Practitioners),50.0,0.0,30.0,0.0,20000.0,14980.4,5019.6,4.75,ไม่ระบุ
A ทะเบียนคุมงบประมาณ 2567.xlsx,ทะเบียนคุมงบ In-House,11,2567,ไม่ระบุ,In-House,ทะเบียนคุมงบ In-House,Beginner English language Course,20.0,0.0,20.0,0.0,45000.0,28750.0,16250.0,4.65,ไม่ระบุ
A ทะเบียนคุมงบประมาณ 2567.xlsx,ทะเบียนคุมงบ In-House,12,2567,ไม่ระบุ,In-House,ทะเบียนคุมงบ In-House,หลักสูตรระยะสั้น Sawasdee Thailand Summer Program Batch A (Culture Module),40.0,0.0,40.0,0.0,75000.0,38367.0,36633.0,0.0,ไม่ระบุ
A ทะเบียนคุมงบประมาณ 2567.xlsx,ทะเบียนคุมงบ In-House,13,2567,ไม่ระบุ,In-House,ทะเบียนคุมงบ In-House,หลักสูตรอบรมภาษาอังกฤษเพื่อการสอบ IELTS สำหรับบุคลากรสายวิชาการโรงเรียนพยาบาลรามาธิบดี มหาวิทยาลัยมหิดล,30.0,0.0,25.0,0.0,68000.0,60708.0,7292.0,4.35,ไม่ระบุ
A ทะเบียนคุมงบประมาณ 2567.xlsx,ทะเบียนคุมงบ In-House,14,2567,ไม่ระบุ,In-House,ทะเบียนคุมงบ In-House,หลักสูตรอบรมเชิงปฏิบัติการเพื่อพัฒนาทักษะการสื่อสารภาษาอังกฤษในการปฏิบัติงานสำหรับบุคลากรสายสนับสนุน โรงเรียนพยาบาลรามาธิบดี,30.0,0.0,30.0,0.0,45000.0,28750.0,16250.0,4.48,ไม่ระบุ
A ทะเบียนคุมงบประมาณ 2567.xlsx,ทะเบียนคุมงบ In-House,15,2567,ไม่ระบุ,In-House,ทะเบียนคุมงบ In-House,หลักสูตร Pre-course Intensive English Course สำหรับนักศึกษาวิทยาลัยการจัดการ มหาวิทยาลัยมหิดล ครั้งที่ 3/2567,66.0,0.0,73.0,0.0,225000.0,118105.0,106895.0,4.38,ไม่ระบุ
A ทะเบียนคุมงบประมาณ 2567.xlsx,ทะเบียนคุมงบ In-House,16,2567,ไม่ระบุ,In-House,ทะเบียนคุมงบ In-House,หลักสูตรพัฒนาการสื่อสารภาษาอังกฤษอย่างมีประสิทธิภาพ รุ่นที่ 2 (Effective English Communication Skill Developments Course Batch 2),60.0,0.0,117.0,0.0,288000.0,243862.15,44137.85,4.64,ไม่ระบุ
A ทะเบียนคุมงบประมาณ 2567.xlsx,ทะเบียนคุมงบ In-House,17,2567,ไม่ระบุ,In-House,ทะเบียนคุมงบ In-House,"Pre-course Intensive English Course สำหรับนักศึกษาวิทยาลัยการจัดการ 
มหาวิทยาลัยมหิดล ครั้งที่ 4/2567",200.0,0.0,152.0,0.0,375000.0,260000.0,115000.0,4.37,ไม่ระบุ
A ทะเบียนคุมงบประมาณ 2567.xlsx,ทะเบียนคุมงบ In-House,18,2567,ไม่ระบุ,In-House,ทะเบียนคุมงบ In-House,หลักสูตรอบรมภาษาอังกฤษเพื่อการสอบ IELTS สำหรับนักเรียนโรงเรียนราชินี,30.0,0.0,28.0,0.0,45000.0,34461.0,10539.0,4.56,ไม่ระบุ
A ทะเบียนคุมงบประมาณ 2567.xlsx,ทะเบียนคุมงบ In-House,19,2567,ไม่ระบุ,In-House,ทะเบียนคุมงบ In-House,หลักสูตรอบรมภาษาไทยเพื่อการสื่อสารสำหรับบุคลากรและนักศึกษาชาวต่างประเทศ (Intensive Thai Course) ประจำปี 2567,100.0,0.0,78.0,0.0,235000.0,167188.8,67811.2,4.44,ไม่ระบุ
A ทะเบียนคุมงบประมาณ 2567.xlsx,ทะเบียนคุมงบ MU-ELT,3,2567,ไม่ระบุ,ทะเบียนคุมงบ MU-ELT,ทะเบียนคุมงบ MU-ELT,Mahidol University English Language Test: Computer-based Examination (MU-ELT: CBE) รอบที่ 3/2566,408.0,0.0,350.0,0.0,127470.0,40312.5,87157.5,4.31,ไม่ระบุ
A ทะเบียนคุมงบประมาณ 2567.xlsx,ทะเบียนคุมงบ MU-ELT,4,2567,ไม่ระบุ,ทะเบียนคุมงบ MU-ELT,ทะเบียนคุมงบ MU-ELT,Mahidol University English Language Test: Health Care Professionals (MU-ELT: HCP) ครั้งที่ 2/2566,137.0,0.0,137.0,0.0,61600.0,15272.0,46328.0,4.58,ไม่ระบุ
A ทะเบียนคุมงบประมาณ 2567.xlsx,ทะเบียนคุมงบ MU-ELT,5,2567,ไม่ระบุ,ทะเบียนคุมงบ MU-ELT,ทะเบียนคุมงบ MU-ELT,Mahidol University English Language Test: Paper-based Examination (MU-ELT: PBE) รอบ 4/2566,497.0,0.0,498.0,0.0,209440.0,61590.13,147849.87,4.75,ไม่ระบุ
A ทะเบียนคุมงบประมาณ 2567.xlsx,ทะเบียนคุมงบ MU-ELT,6,2567,ไม่ระบุ,ทะเบียนคุมงบ MU-ELT,ทะเบียนคุมงบ MU-ELT,Mahidol University English Language Test: Health Care Professionals (MU-ELT: HCP) ครั้งที่ 1/2567,40.0,0.0,39.0,0.0,39150.0,18090.5,21059.5,4.43,ไม่ระบุ
A ทะเบียนคุมงบประมาณ 2567.xlsx,ทะเบียนคุมงบ MU-ELT,7,2567,ไม่ระบุ,ทะเบียนคุมงบ MU-ELT,ทะเบียนคุมงบ MU-ELT,Mahidol University English Language Test: Paper-based Examination (MU-ELT: PBE) รอบ 1/2567,471.0,0.0,471.0,0.0,194970.0,68197.94,126772.06,4.33,ไม่ระบุ
A ทะเบียนคุมงบประมาณ 2567.xlsx,ทะเบียนคุมงบ MU-ELT,8,2567,ไม่ระบุ,ทะเบียนคุมงบ MU-ELT,ทะเบียนคุมงบ MU-ELT,Mahidol University English Language Test: Computer-based Examination (MU-ELT: CBE) รอบที่ 1/2567,261.0,0.0,261.0,0.0,91420.0,29211.0,62209.0,4.31,ไม่ระบุ
A ทะเบียนคุมงบประมาณ 2567.xlsx,ทะเบียนคุมงบ MU-ELT,9,2567,ไม่ระบุ,ทะเบียนคุมงบ MU-ELT,ทะเบียนคุมงบ MU-ELT,Mahidol University English Language Test: Paper-based Examination (MU-ELT: PBE) รอบ 2/2567,604.0,0.0,0.0,0.0,252070.0,83809.25,168260.75,4.42,ไม่ระบุ
A ทะเบียนคุมงบประมาณ 2567.xlsx,ทะเบียนคุมงบ MU-ELT,10,2567,ไม่ระบุ,ทะเบียนคุมงบ MU-ELT,ทะเบียนคุมงบ MU-ELT,Mahidol University English Language Test: Computer-based Examination (MU-ELT: CBE) รอบที่ 2/2567,137.0,0.0,137.0,0.0,51040.0,15560.0,35480.0,4.37,ไม่ระบุ
A ทะเบียนคุมงบประมาณ 2567.xlsx,ทะเบียนคุมงบ MU-ELT,11,2567,ไม่ระบุ,ทะเบียนคุมงบ MU-ELT,ทะเบียนคุมงบ MU-ELT,Mahidol University English Language Test: Health Care Professionals (MU-ELT: HCP) ครั้งที่ 2/2567,17.0,0.0,17.0,0.0,16700.0,12137.439999999999,4562.56,4.52,ไม่ระบุ
A ทะเบียนคุมงบประมาณ 2567.xlsx,ทะเบียนคุมงบ MU-ELT,12,2567,ไม่ระบุ,ทะเบียนคุมงบ MU-ELT,ทะเบียนคุมงบ MU-ELT,Mahidol University English Language Test: Health Care Professionals (MU-ELT: HCP) ครั้งที่ 3/2568,41.0,0.0,41.0,0.0,38650.0,16891.940000000002,21758.06,4.42,ไม่ระบุ
A ทะเบียนคุมงบประมาณ 2567.xlsx,ทะเบียนคุมงบ MU-ELT,13,2567,ไม่ระบุ,ทะเบียนคุมงบ MU-ELT,ทะเบียนคุมงบ MU-ELT,Mahidol University English Language Test: Computer-based Examination (MU-ELT: CBE) รอบที่ 3/2567,154.0,0.0,154.0,0.0,56910.0,17640.5,39269.5,4.47,ไม่ระบุ
A ทะเบียนคุมงบประมาณ 2567.xlsx,ทะเบียนคุมงบ MU-ELT,14,2567,ไม่ระบุ,ทะเบียนคุมงบ MU-ELT,ทะเบียนคุมงบ MU-ELT,Mahidol University English Language Test: Paper-based Examination (MU-ELT: PBE) รอบ 3/2567,700.0,0.0,682.0,0.0,273600.0,86526.95999999999,187073.04,4.47,ไม่ระบุ
A ทะเบียนคุมงบประมาณ 2567.xlsx,ทะเบียนคุมงบ MU-ELT,19,2567,ไม่ระบุ,ทะเบียนคุมงบ MU-ELT,ทะเบียนคุมงบ MU-ELT,"Mahidol University English Language Test: Internet-based Examination (MU-ELT: IBE) ภายใต้โครงการพัฒนาระบบการจัดสอบ MU-ELT รูปแบบ Internet-based Examination
**โครงการเหลื่อมปีงบประมาณ 2566",408.0,0.0,323.0,0.0,119050.0,38166.5,80883.5,4.36,ไม่ระบุ
A ทะเบียนคุมงบประมาณ 2567.xlsx,MU-ELT รหัส 67,3,2567,ไม่ระบุ,MU-ELT รหัส 67,MU-ELT รหัส 67,Mahidol University English Language Test: Internet-based Examination (MU-ELT: IBE) สำหรับแบ่งกลุ่มเรียนวิชาภาษาอังกฤษพื้นฐานปีการศึกษา 2567,35.0,0.0,36.0,0.0,0.0,4537.5,-4537.5,4.36,ไม่ระบุ
A ทะเบียนคุมงบประมาณ 2567.xlsx,MU-ELT รหัส 67,4,2567,ไม่ระบุ,MU-ELT รหัส 67,MU-ELT รหัส 67,กิจกรรมย่อยจัดซื้อโปรแกรมคอมพิวเตอร์ เครื่องสแกนเนอร์ และผลิตกระดาษคำตอบ,0.0,0.0,0.0,0.0,0.0,171200.0,-171200.0,0.0,ไม่ระบุ
A ทะเบียนคุมงบประมาณ 2567.xlsx,MU-ELT รหัส 67,5,2567,ไม่ระบุ,MU-ELT รหัส 67,MU-ELT รหัส 67,Mahidol University English Language Test: Paper-based Examination (MU-ELT: PBE) สำหรับแบ่งกลุ่มเรียนวิชาภาษาอังกฤษพื้นฐานปีการศึกษา 2567,5700.0,0.0,3922.0,0.0,0.0,561181.79,-561181.79,4.48,ไม่ระบุ
A ทะเบียนคุมงบประมาณ 2568.xlsx,ทะเบียนคุมงบ In-House,3,2568,ไม่ระบุ,In-House,ทะเบียนคุมงบ In-House,"หลักสูตรอบรมภาษาอังกฤษเพื่อการสอบ IELTS สำหรับนักเรียนโรงเรียนราชินี 
(ภาคเรียนที่ 2 ปีการศึกษา 2567) ระหว่างวันที่ 25 ต.ค. 67 - 7 ก.พ. 68",30.0,0.0,28.0,0.0,45000.0,30499.0,14501.0,4.72,ไม่ระบุ
A ทะเบียนคุมงบประมาณ 2568.xlsx,ทะเบียนคุมงบ In-House,4,2568,ไม่ระบุ,In-House,ทะเบียนคุมงบ In-House,หลักสูตร Pre-course Intensive English Course สำหรับนักศึกษาวิทยาลัยการจัดการ มหาวิทยาลัยมหิดล ครั้งที่ 1/2568 ระหว่างวันที่ 14 พ.ย. 67 - 5 ม.ค. 68 (27C),150.0,0.0,166.0,0.0,450000.0,235450.0,214550.0,4.4,ไม่ระบุ
A ทะเบียนคุมงบประมาณ 2568.xlsx,ทะเบียนคุมงบ In-House,5,2568,ไม่ระบุ,In-House,ทะเบียนคุมงบ In-House,"หลักสูตรอบรมภาษาอังกฤษสำหรับนักศึกษามหาวิทยาลัยมหามกุฏราชวิทยาลัย
ระหว่างวันที่ 21 พ.ย. 67 - 16 ม.ค. 68",60.0,0.0,63.0,0.0,168000.0,140112.0,27888.0,4.03,ไม่ระบุ
A ทะเบียนคุมงบประมาณ 2568.xlsx,ทะเบียนคุมงบ In-House,6,2568,ไม่ระบุ,In-House,ทะเบียนคุมงบ In-House,"หลักสูตร Intensive English Course สำหรับนักศึกษาวิทยาลัยการจัดการ มหาวิทยาลัยมหิดล ครั้งที่ 1/2568
ระหว่างวันที่ 12 ม.ค. - 2 มี.ค. 68",50.0,0.0,47.0,0.0,75000.0,52420.0,22580.0,4.95,ไม่ระบุ
A ทะเบียนคุมงบประมาณ 2568.xlsx,ทะเบียนคุมงบ In-House,7,2568,ไม่ระบุ,In-House,ทะเบียนคุมงบ In-House,"หลักสูตรอบรมเชิงปฏิบัติการพัฒนาทักษะการสื่อสารและภาวะผู้นำสำหรับระดับผู้จัดการ BTS
ระหว่างวันที่ 14 ม.ค. - 19 ก.พ. 68",36.0,0.0,36.0,0.0,80000.0,62600.2,17399.8,4.64,ไม่ระบุ
A ทะเบียนคุมงบประมาณ 2568.xlsx,ทะเบียนคุมงบ In-House,8,2568,ไม่ระบุ,In-House,ทะเบียนคุมงบ In-House,"หลักสูตรอบรมภาษาไทยเพื่อการสื่อสารสำหรับบุคลากรและนักศึกษาชาวต่างประเทศ (Intensive Thai Course) ประจำปี 2568 
ระหว่างวันที่ 26 ก.พ. - 3 ธ.ค. 68
- Basic จำนวน 2 กลุ่ม x 24 ชม. 
- Intermediate จำนวน 2 กลุ่ม 
- Advanced จำนวน 1 กลุ่ม",100.0,0.0,100.0,0.0,235000.0,167776.0,67224.0,4.7,ไม่ระบุ
A ทะเบียนคุมงบประมาณ 2568.xlsx,ทะเบียนคุมงบ In-House,9,2568,ไม่ระบุ,In-House,ทะเบียนคุมงบ In-House,"หลักสูตรอบรมเชิงปฏิบัติการเพื่อพัฒนาทักษะภาษาอังกฤษสำหรับเจ้าหน้าที่กรมควบคุมโรค
ระหว่างวันที่ 10 - 12 มีนาคม 2568",35.0,0.0,35.0,0.0,45000.0,32100.0,12900.0,4.56,ไม่ระบุ
A ทะเบียนคุมงบประมาณ 2568.xlsx,ทะเบียนคุมงบ In-House,10,2568,ไม่ระบุ,In-House,ทะเบียนคุมงบ In-House,"หลักสูตร Intensive English Course สำหรับนักศึกษาวิทยาลัยการจัดการ มหาวิทยาลัยมหิดล
ระหว่างวันที่ 19 มี.ค. - 11 พ.ค. 2568",210.0,0.0,196.0,0.0,525000.0,309860.0,215140.0,4.49,ไม่ระบุ
A ทะเบียนคุมงบประมาณ 2568.xlsx,ทะเบียนคุมงบ In-House,11,2568,ไม่ระบุ,In-House,ทะเบียนคุมงบ In-House,"การจัดอบรมการเขียนคํากล่าวภาษาอังกฤษ (English Speech Writing)
หน่วยงาน: กรมข่าวทหาร กองบัญชาการกองทัพไทย
ระหว่างวันที่ 6 - 26 เมษายน 2568",20.0,0.0,20.0,0.0,43000.0,28725.4,14274.6,4.5,ไม่ระบุ
A ทะเบียนคุมงบประมาณ 2568.xlsx,ทะเบียนคุมงบ In-House,12,2568,ไม่ระบุ,In-House,ทะเบียนคุมงบ In-House,"หลักสูตร Intensive English Course สำหรับนักศึกษาวิทยาลัยการจัดการ มหาวิทยาลัยมหิดล กลุ่ม 28B
ระหว่างวันที่ 15 ก.ค. - 21 ก.ย. 2568",175.0,0.0,161.0,0.0,450000.0,263995.0,186005.0,4.55,ไม่ระบุ
A ทะเบียนคุมงบประมาณ 2568.xlsx,ทะเบียนคุมงบ In-House,13,2568,ไม่ระบุ,In-House,ทะเบียนคุมงบ In-House,"หลักสูตร Unlock Your English in Everyday Life มหาวิทยาลัยมหามกุฏราชวิทยาลัย
ระหว่างวันที่ 4 - 8 ส.ค. 2568",180.0,0.0,157.0,0.0,300000.0,211209.2,88790.8,4.33,ไม่ระบุ
A ทะเบียนคุมงบประมาณ 2568.xlsx,ทะเบียนคุมงบ In-House,14,2568,ไม่ระบุ,In-House,ทะเบียนคุมงบ In-House,"โครงการพัฒนาทักษะภาษาอังกฤษ
มหาวิทยาลัยมหามกุฏราชวิทยาลัย 
ระหว่างวันที่ 1 ส.ค. - 5 ก.ย. 2568",100.0,0.0,92.0,0.0,150000.0,105118.4,44881.6,4.33,ไม่ระบุ
A ทะเบียนคุมงบประมาณ 2568.xlsx,ทะเบียนคุมงบ MU-ELT,3,2568,ไม่ระบุ,ทะเบียนคุมงบ MU-ELT,ทะเบียนคุมงบ MU-ELT,"Mahidol University English Language Test: Computer-based Examination (MU-ELT: CBE) รอบที่ 4/2567
วันที่ 16 ต.ค. 67",400.0,0.0,212.0,0.0,77520.0,23700.0,53820.0,4.45,ไม่ระบุ
A ทะเบียนคุมงบประมาณ 2568.xlsx,ทะเบียนคุมงบ MU-ELT,4,2568,ไม่ระบุ,ทะเบียนคุมงบ MU-ELT,ทะเบียนคุมงบ MU-ELT,"Mahidol University English Language Test: Paper-based Examination (MU-ELT: PBE) รอบที่ 4/2568
วันที่ 30 พ.ย. 67",700.0,0.0,903.0,0.0,362840.0,107048.12,255791.88,4.69,ไม่ระบุ
A ทะเบียนคุมงบประมาณ 2568.xlsx,ทะเบียนคุมงบ MU-ELT,5,2568,ไม่ระบุ,ทะเบียนคุมงบ MU-ELT,ทะเบียนคุมงบ MU-ELT,"โครงการจัดสอบ Mahidol University English Language Test: Paper-based Examination (MU-ELT: PBE) สำหรับเครือข่าย โรงเรียนวัดรางบัว 
13 ธันวาคม 2567",84.0,0.0,73.0,0.0,46200.0,13544.0,32656.0,4.59,ไม่ระบุ
A ทะเบียนคุมงบประมาณ 2568.xlsx,ทะเบียนคุมงบ MU-ELT,6,2568,ไม่ระบุ,ทะเบียนคุมงบ MU-ELT,ทะเบียนคุมงบ MU-ELT,โครงการจัดสอบ Mahidol University English Language Test: Paper-based Examination (MU-ELT: PBE) สำหรับเครือข่าย มหาวิทยาลัยมหามกุฏราชวิทยาลัย  (5 กุมภาพันธ์ 2568),64.0,0.0,64.0,0.0,36000.0,14284.0,21716.0,4.31,ไม่ระบุ
A ทะเบียนคุมงบประมาณ 2568.xlsx,ทะเบียนคุมงบ MU-ELT,7,2568,ไม่ระบุ,ทะเบียนคุมงบ MU-ELT,ทะเบียนคุมงบ MU-ELT,"Mahidol University English Language Test: Computer-based Examination (MU-ELT: CBE) รอบที่ 1/2568
วันที่ 26 ก.พ. 2568",256.0,0.0,173.0,0.0,63010.0,23363.5,39646.5,4.38,ไม่ระบุ
A ทะเบียนคุมงบประมาณ 2568.xlsx,ทะเบียนคุมงบ MU-ELT,8,2568,ไม่ระบุ,ทะเบียนคุมงบ MU-ELT,ทะเบียนคุมงบ MU-ELT,"Mahidol University English Language Test: Paper-based Examination 
(MU-ELT: PBE) รอบที่ 1/2568
วันที่ 22 มีนาคม 2568",700.0,0.0,577.0,0.0,237850.0,78186.47,159663.53,4.3,ไม่ระบุ
A ทะเบียนคุมงบประมาณ 2568.xlsx,ทะเบียนคุมงบ MU-ELT,9,2568,ไม่ระบุ,ทะเบียนคุมงบ MU-ELT,ทะเบียนคุมงบ MU-ELT,"Mahidol University English Language Test: Computer-based Examination (MU-ELT: CBE) รอบที่ 2/2568
วันที่ 9 เมษายน 2568",176.0,0.0,155.0,0.0,56640.0,20464.0,36176.0,4.43,ไม่ระบุ
A ทะเบียนคุมงบประมาณ 2568.xlsx,ทะเบียนคุมงบ MU-ELT,10,2568,ไม่ระบุ,ทะเบียนคุมงบ MU-ELT,ทะเบียนคุมงบ MU-ELT,จัดทำปกและกระดาษคำตอบ MU-ELT,0.0,0.0,0.0,0.0,0.0,24075.0,-24075.0,0.0,ไม่ระบุ
A ทะเบียนคุมงบประมาณ 2568.xlsx,ทะเบียนคุมงบ MU-ELT,11,2568,ไม่ระบุ,ทะเบียนคุมงบ MU-ELT,ทะเบียนคุมงบ MU-ELT,"Mahidol University English Language Test: Paper-based Examination 
(MU-ELT: PBE) สำหรับแบ่งกลุ่มเรียนวิชาภาษาอังกฤษพื้นฐานปีการศึกษา 2567
วันที่ 19 เมษายน 2568",2046.0,0.0,622.0,0.0,289050.0,113773.29,175276.71,4.64,ไม่ระบุ
A ทะเบียนคุมงบประมาณ 2568.xlsx,ทะเบียนคุมงบ MU-ELT,12,2568,ไม่ระบุ,ทะเบียนคุมงบ MU-ELT,ทะเบียนคุมงบ MU-ELT,"โครงการจัดสอบ Mahidol University English Language Test: Paper-based Examination (MU-ELT: PBE) สำหรับเครือข่ายศูนย์สอบย่อย MU-ELT วิทยาลัยพยาบาลกองทัพบก
7 พฤษภาคม 2568",50.0,0.0,91.0,0.0,50050.0,14777.0,35273.0,4.7,ไม่ระบุ
A ทะเบียนคุมงบประมาณ 2568.xlsx,ทะเบียนคุมงบ MU-ELT,13,2568,ไม่ระบุ,ทะเบียนคุมงบ MU-ELT,ทะเบียนคุมงบ MU-ELT,"Mahidol University English Language Test: Paper-based Examination 
(MU-ELT: PBE) รอบที่ 2/2568
31 พฤษภาคม 2568",700.0,0.0,459.0,0.0,187590.0,65099.76,122490.24,4.59,ไม่ระบุ
A ทะเบียนคุมงบประมาณ 2568.xlsx,ทะเบียนคุมงบ MU-ELT,14,2568,ไม่ระบุ,ทะเบียนคุมงบ MU-ELT,ทะเบียนคุมงบ MU-ELT,"Mahidol University English Language Test: Computer-based Examination (MU-ELT: CBE) รอบที่ 3/2568
วันที่ 18 มิถุนายน 2568",216.0,0.0,107.0,0.0,38190.0,13662.5,24527.5,4.36,ไม่ระบุ
A ทะเบียนคุมงบประมาณ 2568.xlsx,ทะเบียนคุมงบ MU-ELT,15,2568,ไม่ระบุ,ทะเบียนคุมงบ MU-ELT,ทะเบียนคุมงบ MU-ELT,"กิจกรรมย่อย การจัดสอบภาษาอังกฤษมหาวิทยาลัยมหิดล Mahidol University English Language Test สำหรับการแบ่งกลุ่มเรียนวิชาภาษาอังกฤษพื้นฐาน ประจำปีการศึกษา 2568 ครั้งที่ 2
วันที่ 5-6 กรกฎาคม 2568",3400.0,0.0,3167.0,0.0,1264800.0,613547.6,651252.4,4.68,ไม่ระบุ
A ทะเบียนคุมงบประมาณ 2568.xlsx,ทะเบียนคุมงบ MU-ELT,16,2568,ไม่ระบุ,ทะเบียนคุมงบ MU-ELT,ทะเบียนคุมงบ MU-ELT,"Mahidol University English Language Test: Computer-based Examination (MU-ELT: CBE) รอบที่ 4/2568
วันที่ 23 กรกฎาคม 2568",216.0,0.0,134.0,0.0,48320.0,14940.0,33380.0,4.54,ไม่ระบุ
A ทะเบียนคุมงบประมาณ 2568.xlsx,ทะเบียนคุมงบ MU-ELT,17,2568,ไม่ระบุ,ทะเบียนคุมงบ MU-ELT,ทะเบียนคุมงบ MU-ELT,"โครงการจัดสอบ Mahidol University English Language Test: Paper-based Examination (MU-ELT: PBE) สำหรับเครือข่ายศูนย์สอบย่อย MU-ELT วิทยาลัยพยาบาลกองทัพบก
22 สิงหาคม 2568",50.0,0.0,79.0,0.0,43450.0,12872.0,30578.0,4.7,ไม่ระบุ
A ทะเบียนคุมงบประมาณ 2568.xlsx,ทะเบียนคุมงบ MU-ELT,18,2568,ไม่ระบุ,ทะเบียนคุมงบ MU-ELT,ทะเบียนคุมงบ MU-ELT,"Mahidol University English Language Test: Paper-based Examination 
(MU-ELT: PBE) รอบที่ 3/2568
13 กันยายน 2568",700.0,0.0,661.0,0.0,269690.0,88401.65,181288.35,4.55,ไม่ระบุ
A ตารางคุมงบประมาณ 2569.xlsx,ทะเบียนคุมงบ In-House,3,2569,ไม่ระบุ,In-House,ทะเบียนคุมงบ In-House,"หลักสูตรอบรมภาษาอังกฤษเพื่อพัฒนาทักษะการสื่อสารในชีวิตประจำวัน
หน่วยงาน: โรงเรียนอัสสัมชัญคอนแวนต์ ลำนารายณ์ 
ระหว่างวันที่ 15 - 17 ตุลาคม 2568",30.0,0.0,23.0,0.0,90000.0,60736.08,29263.92,4.73,ไม่ระบุ
A ตารางคุมงบประมาณ 2569.xlsx,ทะเบียนคุมงบ In-House,4,2569,ไม่ระบุ,In-House,ทะเบียนคุมงบ In-House,"หลักสูตร Pre-course Intensive English Course สำหรับนักศึกษาวิทยาลัยการจัดการ มหาวิทยาลัยมหิดล กลุ่ม 28C
ระหว่างวันที่ 10 พ.ย. 68 - 4 ม.ค. 69",150.0,0.0,164.0,0.0,450000.0,261625.0,188375.0,4.65,ไม่ระบุ
A ตารางคุมงบประมาณ 2569.xlsx,ทะเบียนคุมงบ In-House,5,2569,ไม่ระบุ,In-House,ทะเบียนคุมงบ In-House,"หลักสูตรอบรมภาษาไทยเพื่อการสื่อสารสำหรับบุคลากรและนักศึกษาชาวต่างประเทศ (Intensive Thai Course) ประจำปี 2569
18 ก.พ. 2569 – 20 ม.ค. 2570",150.0,0.0,0.0,0.0,235000.0,175250.0,59750.0,0.0,ไม่ระบุ
A ตารางคุมงบประมาณ 2569.xlsx,ทะเบียนคุมงบ In-House,6,2569,ไม่ระบุ,In-House,ทะเบียนคุมงบ In-House,"หลักสูตรเทคนิคการเขียนหนังสือราชการและการเขียนรายงานประชุม 
11 - 25 กุมภาพันธ์ 2569",60.0,0.0,0.0,0.0,35000.0,24548.0,10452.0,4.55,ไม่ระบุ
A ตารางคุมงบประมาณ 2569.xlsx,ทะเบียนคุมงบ In-House,7,2569,ไม่ระบุ,In-House,ทะเบียนคุมงบ In-House,"Intensive Business English for Student of CMMU กลุ่ม 29A
22 มี.ค. - 3 พ.ค. 69",120.0,0.0,0.0,0.0,300000.0,193200.0,106800.0,4.58,ไม่ระบุ
A ตารางคุมงบประมาณ 2569.xlsx,ทะเบียนคุมงบ In-House,8,2569,ไม่ระบุ,In-House,ทะเบียนคุมงบ In-House,"Intensive Business English for Student of CMMU กลุ่ม Pre-course
13 ก.ค. - 6 ก.ย. 69",300.0,0.0,243.0,0.0,450000.0,289485.0,160515.0,0.0,ไม่ระบุ
A ตารางคุมงบประมาณ 2569.xlsx,ทะเบียนคุมงบ MU-ELT,3,2569,ไม่ระบุ,ทะเบียนคุมงบ MU-ELT,ทะเบียนคุมงบ MU-ELT,"Mahidol University English Language Test: 
Paper-based Examination (MU-ELT: PBE) 
รอบ 4/2568 (วันที่ 8 พ.ย. 68)",1830.0,0.0,685.0,0.0,279410.0,92628.78,186781.22,4.53,ไม่ระบุ
A ตารางคุมงบประมาณ 2569.xlsx,ทะเบียนคุมงบ MU-ELT,4,2569,ไม่ระบุ,ทะเบียนคุมงบ MU-ELT,ทะเบียนคุมงบ MU-ELT,"โครงการเครือข่ายความร่วมมือศูนย์สอบ MU-ELT (วิทยาลัยพยาบาลกองทัพบก ครั้งที่ 3)
(วันที่ 28 พ.ย.. 68)",50.0,0.0,54.0,0.0,29700.0,9947.0,19753.0,4.71,ไม่ระบุ
A ตารางคุมงบประมาณ 2569.xlsx,ทะเบียนคุมงบ MU-ELT,5,2569,ไม่ระบุ,ทะเบียนคุมงบ MU-ELT,ทะเบียนคุมงบ MU-ELT,"โครงการเครือข่ายความร่วมมือศูนย์สอบ MU-ELT (วิทยาลัยพยาบาลบรมราชชนนี จักรีรัช)
(14 ธ.ค. 68)",50.0,0.0,91.0,0.0,50050.0,16344.6,33705.4,4.86,ไม่ระบุ
A ตารางคุมงบประมาณ 2569.xlsx,ทะเบียนคุมงบ MU-ELT,6,2569,ไม่ระบุ,ทะเบียนคุมงบ MU-ELT,ทะเบียนคุมงบ MU-ELT,"Mahidol University English Language Test: Computer-based Examination (MU-ELT: CBE) 
รอบ 5/2568 (Supplementary Examination) 
วันที่ 24 ธ.ค. 68",40.0,0.0,22.0,0.0,8090.0,2521.5,5568.5,4.63,ไม่ระบุ
A ตารางคุมงบประมาณ 2569.xlsx,ทะเบียนคุมงบ MU-ELT,7,2569,ไม่ระบุ,ทะเบียนคุมงบ MU-ELT,ทะเบียนคุมงบ MU-ELT,"Mahidol University English Language Test: 
Paper-based Examination (MU-ELT: PBE) 
รอบ 1/2569 (วันที่ 17 ม.ค. 69)",1200.0,0.0,599.0,0.0,264030.0,116439.15,147590.85,4.51,ไม่ระบุ
A ตารางคุมงบประมาณ 2569.xlsx,ทะเบียนคุมงบ MU-ELT,8,2569,ไม่ระบุ,ทะเบียนคุมงบ MU-ELT,ทะเบียนคุมงบ MU-ELT,"Mahidol University English Language Test: Computer-based Examination (MU-ELT: CBE) 
รอบ 1/2569  (วันที่ 18 ก.พ. 69)",236.0,0.0,165.0,0.0,59950.0,20602.5,39347.5,4.7,ไม่ระบุ
A ตารางคุมงบประมาณ 2569.xlsx,ทะเบียนคุมงบ MU-ELT,9,2569,ไม่ระบุ,ทะเบียนคุมงบ MU-ELT,ทะเบียนคุมงบ MU-ELT,"โครงการเครือข่ายความร่วมมือศูนย์สอบ MU-ELT 
(วิทยาลัยพยาบาลบรมราชชนนี จักรีรัช ครั้งที่ 2)
(วันที่ 18 มี.ค. 69)",50.0,0.0,51.0,0.0,28050.0,10067.0,17983.0,0.0,ไม่ระบุ
A ตารางคุมงบประมาณ 2569.xlsx,ทะเบียนคุมงบ MU-ELT,10,2569,ไม่ระบุ,ทะเบียนคุมงบ MU-ELT,ทะเบียนคุมงบ MU-ELT,"Mahidol University English Language Test: Paper-based Examination (MU-ELT: PBE) 
รอบที่ 2/2569 (วันที่ 21 มี.ค. 69)",1200.0,0.0,618.0,0.0,301700.0,99641.43,202058.57,4.59,ไม่ระบุ
A ตารางคุมงบประมาณ 2569.xlsx,ทะเบียนคุมงบ MU-ELT,11,2569,ไม่ระบุ,ทะเบียนคุมงบ MU-ELT,ทะเบียนคุมงบ MU-ELT,"Mahidol University English Language Test: Computer-based Examination (MU-ELT: CBE) 
รอบ 2/2569  (วันที่ 8 เม.ย. 69)",249.0,0.0,207.0,0.0,75200.0,24310.0,50890.0,4.42,ไม่ระบุ
A ตารางคุมงบประมาณ 2569.xlsx,ทะเบียนคุมงบ MU-ELT,12,2569,ไม่ระบุ,ทะเบียนคุมงบ MU-ELT,ทะเบียนคุมงบ MU-ELT,โครงการเครือข่ายความร่วมมือศูนย์สอบ MU-ELT วิทยาลัยพยาบาลกองทัพบก,50.0,0.0,53.0,0.0,29150.0,9805.0,19345.0,0.0,ไม่ระบุ
A ตารางคุมงบประมาณ 2569.xlsx,ทะเบียนคุมงบ MU-ELT,13,2569,ไม่ระบุ,ทะเบียนคุมงบ MU-ELT,ทะเบียนคุมงบ MU-ELT,"Mahidol University English Language Test: Paper-based Examination (MU-ELT: PBE) 
รอบที่ 3/2569 (วันที่ 9 พ.ค. 69)",1200.0,0.0,724.0,0.0,343360.0,154766.38,188593.62,4.7,ไม่ระบุ
A ตารางคุมงบประมาณ 2569.xlsx,ทะเบียนคุมงบ MU-ELT,14,2569,ไม่ระบุ,ทะเบียนคุมงบ MU-ELT,ทะเบียนคุมงบ MU-ELT,ขออนุมัติหลักการจัดทำซองจดหมายใส่ใบรายงานผลสอบ MU-ELT,0.0,0.0,0.0,0.0,0.0,14900.0,-14900.0,0.0,ไม่ระบุ
A ตารางคุมงบประมาณ 2569.xlsx,ทะเบียนคุมงบ MU-ELT,15,2569,ไม่ระบุ,ทะเบียนคุมงบ MU-ELT,ทะเบียนคุมงบ MU-ELT,"Mahidol University English Language Test: Computer-based Examination (MU-ELT: CBE) 
รอบ 3/2569  (วันที่ 10 มิ.ย. 69)",330.0,0.0,229.0,0.0,87810.0,42125.5,45684.5,4.52,ไม่ระบุ
A ตารางคุมงบประมาณ 2569.xlsx,ทะเบียนคุมงบ MU-ELT,16,2569,ไม่ระบุ,ทะเบียนคุมงบ MU-ELT,ทะเบียนคุมงบ MU-ELT,"Mahidol University English Language Test: Paper-based Examination (MU-ELT: PBE) 
รอบที่ 4/2569 (วันที่ 18 ก.ค. 69)",1200.0,0.0,833.0,0.0,395210.0,177046.25,218163.75,0.0,ไม่ระบุ
A ตารางคุมงบประมาณ 2569.xlsx,ทะเบียนคุมงบ MU-ELT,17,2569,ไม่ระบุ,ทะเบียนคุมงบ MU-ELT,ทะเบียนคุมงบ MU-ELT,"Mahidol University English Language Test: Computer-based Examination (MU-ELT: CBE) 
รอบ 4/2569  (วันที่ 19 ส.ค. 69)",330.0,0.0,229.0,0.0,67630.0,22784.5,44845.5,0.0,ไม่ระบุ
A ตารางคุมงบประมาณ 2569.xlsx,ทะเบียนคุมงบ MU-ELT,18,2569,ไม่ระบุ,ทะเบียนคุมงบ MU-ELT,ทะเบียนคุมงบ MU-ELT,"Mahidol University English Language Test: Paper-based Examination (MU-ELT: PBE) 
รอบที่ 4/2569 (วันที่ 19 กันยายน 69)",700.0,0.0,700.0,0.0,330000.0,179944.8,150055.2,0.0,ไม่ระบุ
